[0.044s] DEBUG:colcon:Command line arguments: ['/usr/bin/colcon', 'build']
[0.044s] DEBUG:colcon:Parsed command line arguments: Namespace(log_base=None, log_level=None, verb_name='build', build_base='build', install_base='install', merge_install=False, symlink_install=False, test_result_base=None, continue_on_error=False, executor='parallel', parallel_workers=28, event_handlers=None, ignore_user_meta=False, metas=['./colcon.meta'], base_paths=['.'], packages_ignore=None, packages_ignore_regex=None, paths=None, packages_up_to=None, packages_up_to_regex=None, packages_above=None, packages_above_and_dependencies=None, packages_above_depth=None, packages_select_by_dep=None, packages_skip_by_dep=None, packages_skip_up_to=None, packages_select_build_failed=False, packages_skip_build_finished=False, packages_select_test_failures=False, packages_skip_test_passed=False, packages_select=None, packages_skip=None, packages_select_regex=None, packages_skip_regex=None, packages_start=None, packages_end=None, cmake_args=None, cmake_target=None, cmake_target_skip_unavailable=False, cmake_clean_cache=False, cmake_clean_first=False, cmake_force_configure=False, ament_cmake_args=None, catkin_cmake_args=None, catkin_skip_building_tests=False, verb_parser=<colcon_defaults.argument_parser.defaults.DefaultArgumentsDecorator object at 0x7e63dcedce90>, verb_extension=<colcon_core.verb.build.BuildVerb object at 0x7e63dcedcbf0>, main=<bound method BuildVerb.main of <colcon_core.verb.build.BuildVerb object at 0x7e63dcedcbf0>>)
[0.061s] Level 1:colcon.colcon_core.package_discovery:discover_packages(colcon_meta) check parameters
[0.061s] Level 1:colcon.colcon_core.package_discovery:discover_packages(recursive) check parameters
[0.061s] Level 1:colcon.colcon_core.package_discovery:discover_packages(ignore) check parameters
[0.061s] Level 1:colcon.colcon_core.package_discovery:discover_packages(path) check parameters
[0.061s] Level 1:colcon.colcon_core.package_discovery:discover_packages(colcon_meta) discover
[0.061s] Level 1:colcon.colcon_core.package_discovery:discover_packages(recursive) discover
[0.061s] INFO:colcon.colcon_core.package_discovery:Crawling recursively for packages in '/home/tk/robot_manipulator/Panthera-HT_ROS2_Jazzy'
[0.061s] Level 1:colcon.colcon_core.package_identification:_identify(.) by extensions ['ignore', 'ignore_ament_install']
[0.061s] Level 1:colcon.colcon_core.package_identification:_identify(.) by extension 'ignore'
[0.061s] Level 1:colcon.colcon_core.package_identification:_identify(.) by extension 'ignore_ament_install'
[0.061s] Level 1:colcon.colcon_core.package_identification:_identify(.) by extensions ['colcon_pkg']
[0.061s] Level 1:colcon.colcon_core.package_identification:_identify(.) by extension 'colcon_pkg'
[0.061s] Level 1:colcon.colcon_core.package_identification:_identify(.) by extensions ['colcon_meta']
[0.061s] Level 1:colcon.colcon_core.package_identification:_identify(.) by extension 'colcon_meta'
[0.061s] Level 1:colcon.colcon_core.package_identification:_identify(.) by extensions ['ros']
[0.061s] Level 1:colcon.colcon_core.package_identification:_identify(.) by extension 'ros'
[0.073s] Level 1:colcon.colcon_core.package_identification:_identify(.) by extensions ['cmake', 'python']
[0.073s] Level 1:colcon.colcon_core.package_identification:_identify(.) by extension 'cmake'
[0.073s] Level 1:colcon.colcon_core.package_identification:_identify(.) by extension 'python'
[0.074s] Level 1:colcon.colcon_core.package_identification:_identify(.) by extensions ['python_setup_py']
[0.074s] Level 1:colcon.colcon_core.package_identification:_identify(.) by extension 'python_setup_py'
[0.074s] Level 1:colcon.colcon_core.package_identification:_identify(build) by extensions ['ignore', 'ignore_ament_install']
[0.074s] Level 1:colcon.colcon_core.package_identification:_identify(build) by extension 'ignore'
[0.074s] Level 1:colcon.colcon_core.package_identification:_identify(build) ignored
[0.074s] Level 1:colcon.colcon_core.package_identification:_identify(install) by extensions ['ignore', 'ignore_ament_install']
[0.074s] Level 1:colcon.colcon_core.package_identification:_identify(install) by extension 'ignore'
[0.074s] Level 1:colcon.colcon_core.package_identification:_identify(install) ignored
[0.074s] Level 1:colcon.colcon_core.package_identification:_identify(log) by extensions ['ignore', 'ignore_ament_install']
[0.074s] Level 1:colcon.colcon_core.package_identification:_identify(log) by extension 'ignore'
[0.074s] Level 1:colcon.colcon_core.package_identification:_identify(log) ignored
[0.074s] Level 1:colcon.colcon_core.package_identification:_identify(src) by extensions ['ignore', 'ignore_ament_install']
[0.074s] Level 1:colcon.colcon_core.package_identification:_identify(src) by extension 'ignore'
[0.074s] Level 1:colcon.colcon_core.package_identification:_identify(src) by extension 'ignore_ament_install'
[0.074s] Level 1:colcon.colcon_core.package_identification:_identify(src) by extensions ['colcon_pkg']
[0.074s] Level 1:colcon.colcon_core.package_identification:_identify(src) by extension 'colcon_pkg'
[0.074s] Level 1:colcon.colcon_core.package_identification:_identify(src) by extensions ['colcon_meta']
[0.074s] Level 1:colcon.colcon_core.package_identification:_identify(src) by extension 'colcon_meta'
[0.074s] Level 1:colcon.colcon_core.package_identification:_identify(src) by extensions ['ros']
[0.074s] Level 1:colcon.colcon_core.package_identification:_identify(src) by extension 'ros'
[0.074s] Level 1:colcon.colcon_core.package_identification:_identify(src) by extensions ['cmake', 'python']
[0.074s] Level 1:colcon.colcon_core.package_identification:_identify(src) by extension 'cmake'
[0.074s] Level 1:colcon.colcon_core.package_identification:_identify(src) by extension 'python'
[0.074s] Level 1:colcon.colcon_core.package_identification:_identify(src) by extensions ['python_setup_py']
[0.074s] Level 1:colcon.colcon_core.package_identification:_identify(src) by extension 'python_setup_py'
[0.074s] Level 1:colcon.colcon_core.package_identification:_identify(src/hightorque_robot) by extensions ['ignore', 'ignore_ament_install']
[0.074s] Level 1:colcon.colcon_core.package_identification:_identify(src/hightorque_robot) by extension 'ignore'
[0.074s] Level 1:colcon.colcon_core.package_identification:_identify(src/hightorque_robot) by extension 'ignore_ament_install'
[0.074s] Level 1:colcon.colcon_core.package_identification:_identify(src/hightorque_robot) by extensions ['colcon_pkg']
[0.074s] Level 1:colcon.colcon_core.package_identification:_identify(src/hightorque_robot) by extension 'colcon_pkg'
[0.074s] Level 1:colcon.colcon_core.package_identification:_identify(src/hightorque_robot) by extensions ['colcon_meta']
[0.074s] Level 1:colcon.colcon_core.package_identification:_identify(src/hightorque_robot) by extension 'colcon_meta'
[0.074s] Level 1:colcon.colcon_core.package_identification:_identify(src/hightorque_robot) by extensions ['ros']
[0.074s] Level 1:colcon.colcon_core.package_identification:_identify(src/hightorque_robot) by extension 'ros'
[0.075s] DEBUG:colcon.colcon_core.package_identification:Package 'src/hightorque_robot' with type 'ros.ament_cmake' and name 'hightorque_robot'
[0.075s] Level 1:colcon.colcon_core.package_identification:_identify(src/panthera_arm_control) by extensions ['ignore', 'ignore_ament_install']
[0.075s] Level 1:colcon.colcon_core.package_identification:_identify(src/panthera_arm_control) by extension 'ignore'
[0.075s] Level 1:colcon.colcon_core.package_identification:_identify(src/panthera_arm_control) by extension 'ignore_ament_install'
[0.076s] Level 1:colcon.colcon_core.package_identification:_identify(src/panthera_arm_control) by extensions ['colcon_pkg']
[0.076s] Level 1:colcon.colcon_core.package_identification:_identify(src/panthera_arm_control) by extension 'colcon_pkg'
[0.076s] Level 1:colcon.colcon_core.package_identification:_identify(src/panthera_arm_control) by extensions ['colcon_meta']
[0.076s] Level 1:colcon.colcon_core.package_identification:_identify(src/panthera_arm_control) by extension 'colcon_meta'
[0.076s] Level 1:colcon.colcon_core.package_identification:_identify(src/panthera_arm_control) by extensions ['ros']
[0.076s] Level 1:colcon.colcon_core.package_identification:_identify(src/panthera_arm_control) by extension 'ros'
[0.076s] DEBUG:colcon.colcon_core.package_identification:Package 'src/panthera_arm_control' with type 'ros.ament_cmake' and name 'panthera_arm_control'
[0.076s] Level 1:colcon.colcon_core.package_identification:_identify(src/panthera_bringup) by extensions ['ignore', 'ignore_ament_install']
[0.076s] Level 1:colcon.colcon_core.package_identification:_identify(src/panthera_bringup) by extension 'ignore'
[0.076s] Level 1:colcon.colcon_core.package_identification:_identify(src/panthera_bringup) by extension 'ignore_ament_install'
[0.076s] Level 1:colcon.colcon_core.package_identification:_identify(src/panthera_bringup) by extensions ['colcon_pkg']
[0.076s] Level 1:colcon.colcon_core.package_identification:_identify(src/panthera_bringup) by extension 'colcon_pkg'
[0.076s] Level 1:colcon.colcon_core.package_identification:_identify(src/panthera_bringup) by extensions ['colcon_meta']
[0.076s] Level 1:colcon.colcon_core.package_identification:_identify(src/panthera_bringup) by extension 'colcon_meta'
[0.076s] Level 1:colcon.colcon_core.package_identification:_identify(src/panthera_bringup) by extensions ['ros']
[0.076s] Level 1:colcon.colcon_core.package_identification:_identify(src/panthera_bringup) by extension 'ros'
[0.076s] DEBUG:colcon.colcon_core.package_identification:Package 'src/panthera_bringup' with type 'ros.ament_cmake' and name 'panthera_bringup'
[0.076s] Level 1:colcon.colcon_core.package_identification:_identify(src/panthera_commander) by extensions ['ignore', 'ignore_ament_install']
[0.077s] Level 1:colcon.colcon_core.package_identification:_identify(src/panthera_commander) by extension 'ignore'
[0.077s] Level 1:colcon.colcon_core.package_identification:_identify(src/panthera_commander) by extension 'ignore_ament_install'
[0.077s] Level 1:colcon.colcon_core.package_identification:_identify(src/panthera_commander) by extensions ['colcon_pkg']
[0.077s] Level 1:colcon.colcon_core.package_identification:_identify(src/panthera_commander) by extension 'colcon_pkg'
[0.077s] Level 1:colcon.colcon_core.package_identification:_identify(src/panthera_commander) by extensions ['colcon_meta']
[0.077s] Level 1:colcon.colcon_core.package_identification:_identify(src/panthera_commander) by extension 'colcon_meta'
[0.077s] Level 1:colcon.colcon_core.package_identification:_identify(src/panthera_commander) by extensions ['ros']
[0.077s] Level 1:colcon.colcon_core.package_identification:_identify(src/panthera_commander) by extension 'ros'
[0.077s] DEBUG:colcon.colcon_core.package_identification:Package 'src/panthera_commander' with type 'ros.ament_cmake' and name 'panthera_commander'
[0.077s] Level 1:colcon.colcon_core.package_identification:_identify(src/panthera_gazebo) by extensions ['ignore', 'ignore_ament_install']
[0.077s] Level 1:colcon.colcon_core.package_identification:_identify(src/panthera_gazebo) by extension 'ignore'
[0.077s] Level 1:colcon.colcon_core.package_identification:_identify(src/panthera_gazebo) by extension 'ignore_ament_install'
[0.077s] Level 1:colcon.colcon_core.package_identification:_identify(src/panthera_gazebo) by extensions ['colcon_pkg']
[0.077s] Level 1:colcon.colcon_core.package_identification:_identify(src/panthera_gazebo) by extension 'colcon_pkg'
[0.077s] Level 1:colcon.colcon_core.package_identification:_identify(src/panthera_gazebo) by extensions ['colcon_meta']
[0.077s] Level 1:colcon.colcon_core.package_identification:_identify(src/panthera_gazebo) by extension 'colcon_meta'
[0.077s] Level 1:colcon.colcon_core.package_identification:_identify(src/panthera_gazebo) by extensions ['ros']
[0.077s] Level 1:colcon.colcon_core.package_identification:_identify(src/panthera_gazebo) by extension 'ros'
[0.078s] DEBUG:colcon.colcon_core.package_identification:Package 'src/panthera_gazebo' with type 'ros.ament_cmake' and name 'panthera_gazebo'
[0.078s] Level 1:colcon.colcon_core.package_identification:_identify(src/panthera_hardware) by extensions ['ignore', 'ignore_ament_install']
[0.078s] Level 1:colcon.colcon_core.package_identification:_identify(src/panthera_hardware) by extension 'ignore'
[0.078s] Level 1:colcon.colcon_core.package_identification:_identify(src/panthera_hardware) by extension 'ignore_ament_install'
[0.078s] Level 1:colcon.colcon_core.package_identification:_identify(src/panthera_hardware) by extensions ['colcon_pkg']
[0.078s] Level 1:colcon.colcon_core.package_identification:_identify(src/panthera_hardware) by extension 'colcon_pkg'
[0.078s] Level 1:colcon.colcon_core.package_identification:_identify(src/panthera_hardware) by extensions ['colcon_meta']
[0.078s] Level 1:colcon.colcon_core.package_identification:_identify(src/panthera_hardware) by extension 'colcon_meta'
[0.078s] Level 1:colcon.colcon_core.package_identification:_identify(src/panthera_hardware) by extensions ['ros']
[0.078s] Level 1:colcon.colcon_core.package_identification:_identify(src/panthera_hardware) by extension 'ros'
[0.078s] DEBUG:colcon.colcon_core.package_identification:Package 'src/panthera_hardware' with type 'ros.ament_cmake' and name 'panthera_hardware'
[0.078s] Level 1:colcon.colcon_core.package_identification:_identify(src/panthera_ht_description_with_finger) by extensions ['ignore', 'ignore_ament_install']
[0.078s] Level 1:colcon.colcon_core.package_identification:_identify(src/panthera_ht_description_with_finger) by extension 'ignore'
[0.078s] Level 1:colcon.colcon_core.package_identification:_identify(src/panthera_ht_description_with_finger) by extension 'ignore_ament_install'
[0.078s] Level 1:colcon.colcon_core.package_identification:_identify(src/panthera_ht_description_with_finger) by extensions ['colcon_pkg']
[0.078s] Level 1:colcon.colcon_core.package_identification:_identify(src/panthera_ht_description_with_finger) by extension 'colcon_pkg'
[0.078s] Level 1:colcon.colcon_core.package_identification:_identify(src/panthera_ht_description_with_finger) by extensions ['colcon_meta']
[0.078s] Level 1:colcon.colcon_core.package_identification:_identify(src/panthera_ht_description_with_finger) by extension 'colcon_meta'
[0.078s] Level 1:colcon.colcon_core.package_identification:_identify(src/panthera_ht_description_with_finger) by extensions ['ros']
[0.078s] Level 1:colcon.colcon_core.package_identification:_identify(src/panthera_ht_description_with_finger) by extension 'ros'
[0.078s] DEBUG:colcon.colcon_core.package_identification:Package 'src/panthera_ht_description_with_finger' with type 'ros.ament_cmake' and name 'panthera_ht_description_with_finger'
[0.078s] Level 1:colcon.colcon_core.package_identification:_identify(src/panthera_interfaces) by extensions ['ignore', 'ignore_ament_install']
[0.078s] Level 1:colcon.colcon_core.package_identification:_identify(src/panthera_interfaces) by extension 'ignore'
[0.079s] Level 1:colcon.colcon_core.package_identification:_identify(src/panthera_interfaces) by extension 'ignore_ament_install'
[0.079s] Level 1:colcon.colcon_core.package_identification:_identify(src/panthera_interfaces) by extensions ['colcon_pkg']
[0.079s] Level 1:colcon.colcon_core.package_identification:_identify(src/panthera_interfaces) by extension 'colcon_pkg'
[0.079s] Level 1:colcon.colcon_core.package_identification:_identify(src/panthera_interfaces) by extensions ['colcon_meta']
[0.079s] Level 1:colcon.colcon_core.package_identification:_identify(src/panthera_interfaces) by extension 'colcon_meta'
[0.079s] Level 1:colcon.colcon_core.package_identification:_identify(src/panthera_interfaces) by extensions ['ros']
[0.079s] Level 1:colcon.colcon_core.package_identification:_identify(src/panthera_interfaces) by extension 'ros'
[0.079s] DEBUG:colcon.colcon_core.package_identification:Package 'src/panthera_interfaces' with type 'ros.ament_cmake' and name 'panthera_interfaces'
[0.079s] Level 1:colcon.colcon_core.package_identification:_identify(src/with_gripper_config) by extensions ['ignore', 'ignore_ament_install']
[0.079s] Level 1:colcon.colcon_core.package_identification:_identify(src/with_gripper_config) by extension 'ignore'
[0.079s] Level 1:colcon.colcon_core.package_identification:_identify(src/with_gripper_config) by extension 'ignore_ament_install'
[0.079s] Level 1:colcon.colcon_core.package_identification:_identify(src/with_gripper_config) by extensions ['colcon_pkg']
[0.079s] Level 1:colcon.colcon_core.package_identification:_identify(src/with_gripper_config) by extension 'colcon_pkg'
[0.079s] Level 1:colcon.colcon_core.package_identification:_identify(src/with_gripper_config) by extensions ['colcon_meta']
[0.079s] Level 1:colcon.colcon_core.package_identification:_identify(src/with_gripper_config) by extension 'colcon_meta'
[0.079s] Level 1:colcon.colcon_core.package_identification:_identify(src/with_gripper_config) by extensions ['ros']
[0.079s] Level 1:colcon.colcon_core.package_identification:_identify(src/with_gripper_config) by extension 'ros'
[0.079s] DEBUG:colcon.colcon_core.package_identification:Package 'src/with_gripper_config' with type 'ros.ament_cmake' and name 'with_gripper_config'
[0.079s] Level 1:colcon.colcon_core.package_discovery:discover_packages(recursive) using defaults
[0.079s] Level 1:colcon.colcon_core.package_discovery:discover_packages(ignore) discover
[0.079s] Level 1:colcon.colcon_core.package_discovery:discover_packages(ignore) using defaults
[0.079s] Level 1:colcon.colcon_core.package_discovery:discover_packages(path) discover
[0.079s] Level 1:colcon.colcon_core.package_discovery:discover_packages(path) using defaults
[0.088s] Level 5:colcon.colcon_core.verb:set package 'hightorque_robot' build argument 'cmake_args' from command line to 'None'
[0.088s] Level 5:colcon.colcon_core.verb:set package 'hightorque_robot' build argument 'cmake_target' from command line to 'None'
[0.088s] Level 5:colcon.colcon_core.verb:set package 'hightorque_robot' build argument 'cmake_target_skip_unavailable' from command line to 'False'
[0.088s] Level 5:colcon.colcon_core.verb:set package 'hightorque_robot' build argument 'cmake_clean_cache' from command line to 'False'
[0.088s] Level 5:colcon.colcon_core.verb:set package 'hightorque_robot' build argument 'cmake_clean_first' from command line to 'False'
[0.088s] Level 5:colcon.colcon_core.verb:set package 'hightorque_robot' build argument 'cmake_force_configure' from command line to 'False'
[0.088s] Level 5:colcon.colcon_core.verb:set package 'hightorque_robot' build argument 'ament_cmake_args' from command line to 'None'
[0.088s] Level 5:colcon.colcon_core.verb:set package 'hightorque_robot' build argument 'catkin_cmake_args' from command line to 'None'
[0.088s] Level 5:colcon.colcon_core.verb:set package 'hightorque_robot' build argument 'catkin_skip_building_tests' from command line to 'False'
[0.088s] DEBUG:colcon.colcon_core.verb:Building package 'hightorque_robot' with the following arguments: {'ament_cmake_args': None, 'build_base': '/home/tk/robot_manipulator/Panthera-HT_ROS2_Jazzy/build/hightorque_robot', 'catkin_cmake_args': None, 'catkin_skip_building_tests': False, 'cmake_args': None, 'cmake_clean_cache': False, 'cmake_clean_first': False, 'cmake_force_configure': False, 'cmake_target': None, 'cmake_target_skip_unavailable': False, 'install_base': '/home/tk/robot_manipulator/Panthera-HT_ROS2_Jazzy/install/hightorque_robot', 'merge_install': False, 'path': '/home/tk/robot_manipulator/Panthera-HT_ROS2_Jazzy/src/hightorque_robot', 'symlink_install': False, 'test_result_base': None}
[0.088s] Level 5:colcon.colcon_core.verb:set package 'panthera_bringup' build argument 'cmake_args' from command line to 'None'
[0.088s] Level 5:colcon.colcon_core.verb:set package 'panthera_bringup' build argument 'cmake_target' from command line to 'None'
[0.088s] Level 5:colcon.colcon_core.verb:set package 'panthera_bringup' build argument 'cmake_target_skip_unavailable' from command line to 'False'
[0.088s] Level 5:colcon.colcon_core.verb:set package 'panthera_bringup' build argument 'cmake_clean_cache' from command line to 'False'
[0.088s] Level 5:colcon.colcon_core.verb:set package 'panthera_bringup' build argument 'cmake_clean_first' from command line to 'False'
[0.088s] Level 5:colcon.colcon_core.verb:set package 'panthera_bringup' build argument 'cmake_force_configure' from command line to 'False'
[0.088s] Level 5:colcon.colcon_core.verb:set package 'panthera_bringup' build argument 'ament_cmake_args' from command line to 'None'
[0.088s] Level 5:colcon.colcon_core.verb:set package 'panthera_bringup' build argument 'catkin_cmake_args' from command line to 'None'
[0.088s] Level 5:colcon.colcon_core.verb:set package 'panthera_bringup' build argument 'catkin_skip_building_tests' from command line to 'False'
[0.088s] DEBUG:colcon.colcon_core.verb:Building package 'panthera_bringup' with the following arguments: {'ament_cmake_args': None, 'build_base': '/home/tk/robot_manipulator/Panthera-HT_ROS2_Jazzy/build/panthera_bringup', 'catkin_cmake_args': None, 'catkin_skip_building_tests': False, 'cmake_args': None, 'cmake_clean_cache': False, 'cmake_clean_first': False, 'cmake_force_configure': False, 'cmake_target': None, 'cmake_target_skip_unavailable': False, 'install_base': '/home/tk/robot_manipulator/Panthera-HT_ROS2_Jazzy/install/panthera_bringup', 'merge_install': False, 'path': '/home/tk/robot_manipulator/Panthera-HT_ROS2_Jazzy/src/panthera_bringup', 'symlink_install': False, 'test_result_base': None}
[0.088s] Level 5:colcon.colcon_core.verb:set package 'panthera_ht_description_with_finger' build argument 'cmake_args' from command line to 'None'
[0.088s] Level 5:colcon.colcon_core.verb:set package 'panthera_ht_description_with_finger' build argument 'cmake_target' from command line to 'None'
[0.088s] Level 5:colcon.colcon_core.verb:set package 'panthera_ht_description_with_finger' build argument 'cmake_target_skip_unavailable' from command line to 'False'
[0.088s] Level 5:colcon.colcon_core.verb:set package 'panthera_ht_description_with_finger' build argument 'cmake_clean_cache' from command line to 'False'
[0.088s] Level 5:colcon.colcon_core.verb:set package 'panthera_ht_description_with_finger' build argument 'cmake_clean_first' from command line to 'False'
[0.088s] Level 5:colcon.colcon_core.verb:set package 'panthera_ht_description_with_finger' build argument 'cmake_force_configure' from command line to 'False'
[0.088s] Level 5:colcon.colcon_core.verb:set package 'panthera_ht_description_with_finger' build argument 'ament_cmake_args' from command line to 'None'
[0.088s] Level 5:colcon.colcon_core.verb:set package 'panthera_ht_description_with_finger' build argument 'catkin_cmake_args' from command line to 'None'
[0.088s] Level 5:colcon.colcon_core.verb:set package 'panthera_ht_description_with_finger' build argument 'catkin_skip_building_tests' from command line to 'False'
[0.088s] DEBUG:colcon.colcon_core.verb:Building package 'panthera_ht_description_with_finger' with the following arguments: {'ament_cmake_args': None, 'build_base': '/home/tk/robot_manipulator/Panthera-HT_ROS2_Jazzy/build/panthera_ht_description_with_finger', 'catkin_cmake_args': None, 'catkin_skip_building_tests': False, 'cmake_args': None, 'cmake_clean_cache': False, 'cmake_clean_first': False, 'cmake_force_configure': False, 'cmake_target': None, 'cmake_target_skip_unavailable': False, 'install_base': '/home/tk/robot_manipulator/Panthera-HT_ROS2_Jazzy/install/panthera_ht_description_with_finger', 'merge_install': False, 'path': '/home/tk/robot_manipulator/Panthera-HT_ROS2_Jazzy/src/panthera_ht_description_with_finger', 'symlink_install': False, 'test_result_base': None}
[0.089s] Level 5:colcon.colcon_core.verb:set package 'panthera_interfaces' build argument 'cmake_args' from command line to 'None'
[0.089s] Level 5:colcon.colcon_core.verb:set package 'panthera_interfaces' build argument 'cmake_target' from command line to 'None'
[0.089s] Level 5:colcon.colcon_core.verb:set package 'panthera_interfaces' build argument 'cmake_target_skip_unavailable' from command line to 'False'
[0.089s] Level 5:colcon.colcon_core.verb:set package 'panthera_interfaces' build argument 'cmake_clean_cache' from command line to 'False'
[0.089s] Level 5:colcon.colcon_core.verb:set package 'panthera_interfaces' build argument 'cmake_clean_first' from command line to 'False'
[0.089s] Level 5:colcon.colcon_core.verb:set package 'panthera_interfaces' build argument 'cmake_force_configure' from command line to 'False'
[0.089s] Level 5:colcon.colcon_core.verb:set package 'panthera_interfaces' build argument 'ament_cmake_args' from command line to 'None'
[0.089s] Level 5:colcon.colcon_core.verb:set package 'panthera_interfaces' build argument 'catkin_cmake_args' from command line to 'None'
[0.089s] Level 5:colcon.colcon_core.verb:set package 'panthera_interfaces' build argument 'catkin_skip_building_tests' from command line to 'False'
[0.089s] DEBUG:colcon.colcon_core.verb:Building package 'panthera_interfaces' with the following arguments: {'ament_cmake_args': None, 'build_base': '/home/tk/robot_manipulator/Panthera-HT_ROS2_Jazzy/build/panthera_interfaces', 'catkin_cmake_args': None, 'catkin_skip_building_tests': False, 'cmake_args': None, 'cmake_clean_cache': False, 'cmake_clean_first': False, 'cmake_force_configure': False, 'cmake_target': None, 'cmake_target_skip_unavailable': False, 'install_base': '/home/tk/robot_manipulator/Panthera-HT_ROS2_Jazzy/install/panthera_interfaces', 'merge_install': False, 'path': '/home/tk/robot_manipulator/Panthera-HT_ROS2_Jazzy/src/panthera_interfaces', 'symlink_install': False, 'test_result_base': None}
[0.089s] Level 5:colcon.colcon_core.verb:set package 'panthera_arm_control' build argument 'cmake_args' from command line to 'None'
[0.089s] Level 5:colcon.colcon_core.verb:set package 'panthera_arm_control' build argument 'cmake_target' from command line to 'None'
[0.089s] Level 5:colcon.colcon_core.verb:set package 'panthera_arm_control' build argument 'cmake_target_skip_unavailable' from command line to 'False'
[0.089s] Level 5:colcon.colcon_core.verb:set package 'panthera_arm_control' build argument 'cmake_clean_cache' from command line to 'False'
[0.089s] Level 5:colcon.colcon_core.verb:set package 'panthera_arm_control' build argument 'cmake_clean_first' from command line to 'False'
[0.089s] Level 5:colcon.colcon_core.verb:set package 'panthera_arm_control' build argument 'cmake_force_configure' from command line to 'False'
[0.089s] Level 5:colcon.colcon_core.verb:set package 'panthera_arm_control' build argument 'ament_cmake_args' from command line to 'None'
[0.089s] Level 5:colcon.colcon_core.verb:set package 'panthera_arm_control' build argument 'catkin_cmake_args' from command line to 'None'
[0.089s] Level 5:colcon.colcon_core.verb:set package 'panthera_arm_control' build argument 'catkin_skip_building_tests' from command line to 'False'
[0.089s] DEBUG:colcon.colcon_core.verb:Building package 'panthera_arm_control' with the following arguments: {'ament_cmake_args': None, 'build_base': '/home/tk/robot_manipulator/Panthera-HT_ROS2_Jazzy/build/panthera_arm_control', 'catkin_cmake_args': None, 'catkin_skip_building_tests': False, 'cmake_args': None, 'cmake_clean_cache': False, 'cmake_clean_first': False, 'cmake_force_configure': False, 'cmake_target': None, 'cmake_target_skip_unavailable': False, 'install_base': '/home/tk/robot_manipulator/Panthera-HT_ROS2_Jazzy/install/panthera_arm_control', 'merge_install': False, 'path': '/home/tk/robot_manipulator/Panthera-HT_ROS2_Jazzy/src/panthera_arm_control', 'symlink_install': False, 'test_result_base': None}
[0.089s] Level 5:colcon.colcon_core.verb:set package 'panthera_hardware' build argument 'cmake_args' from command line to 'None'
[0.089s] Level 5:colcon.colcon_core.verb:set package 'panthera_hardware' build argument 'cmake_target' from command line to 'None'
[0.089s] Level 5:colcon.colcon_core.verb:set package 'panthera_hardware' build argument 'cmake_target_skip_unavailable' from command line to 'False'
[0.089s] Level 5:colcon.colcon_core.verb:set package 'panthera_hardware' build argument 'cmake_clean_cache' from command line to 'False'
[0.089s] Level 5:colcon.colcon_core.verb:set package 'panthera_hardware' build argument 'cmake_clean_first' from command line to 'False'
[0.089s] Level 5:colcon.colcon_core.verb:set package 'panthera_hardware' build argument 'cmake_force_configure' from command line to 'False'
[0.089s] Level 5:colcon.colcon_core.verb:set package 'panthera_hardware' build argument 'ament_cmake_args' from command line to 'None'
[0.089s] Level 5:colcon.colcon_core.verb:set package 'panthera_hardware' build argument 'catkin_cmake_args' from command line to 'None'
[0.089s] Level 5:colcon.colcon_core.verb:set package 'panthera_hardware' build argument 'catkin_skip_building_tests' from command line to 'False'
[0.089s] DEBUG:colcon.colcon_core.verb:Building package 'panthera_hardware' with the following arguments: {'ament_cmake_args': None, 'build_base': '/home/tk/robot_manipulator/Panthera-HT_ROS2_Jazzy/build/panthera_hardware', 'catkin_cmake_args': None, 'catkin_skip_building_tests': False, 'cmake_args': None, 'cmake_clean_cache': False, 'cmake_clean_first': False, 'cmake_force_configure': False, 'cmake_target': None, 'cmake_target_skip_unavailable': False, 'install_base': '/home/tk/robot_manipulator/Panthera-HT_ROS2_Jazzy/install/panthera_hardware', 'merge_install': False, 'path': '/home/tk/robot_manipulator/Panthera-HT_ROS2_Jazzy/src/panthera_hardware', 'symlink_install': False, 'test_result_base': None}
[0.089s] Level 5:colcon.colcon_core.verb:set package 'with_gripper_config' build argument 'cmake_args' from command line to 'None'
[0.089s] Level 5:colcon.colcon_core.verb:set package 'with_gripper_config' build argument 'cmake_target' from command line to 'None'
[0.089s] Level 5:colcon.colcon_core.verb:set package 'with_gripper_config' build argument 'cmake_target_skip_unavailable' from command line to 'False'
[0.089s] Level 5:colcon.colcon_core.verb:set package 'with_gripper_config' build argument 'cmake_clean_cache' from command line to 'False'
[0.089s] Level 5:colcon.colcon_core.verb:set package 'with_gripper_config' build argument 'cmake_clean_first' from command line to 'False'
[0.089s] Level 5:colcon.colcon_core.verb:set package 'with_gripper_config' build argument 'cmake_force_configure' from command line to 'False'
[0.089s] Level 5:colcon.colcon_core.verb:set package 'with_gripper_config' build argument 'ament_cmake_args' from command line to 'None'
[0.089s] Level 5:colcon.colcon_core.verb:set package 'with_gripper_config' build argument 'catkin_cmake_args' from command line to 'None'
[0.089s] Level 5:colcon.colcon_core.verb:set package 'with_gripper_config' build argument 'catkin_skip_building_tests' from command line to 'False'
[0.089s] DEBUG:colcon.colcon_core.verb:Building package 'with_gripper_config' with the following arguments: {'ament_cmake_args': None, 'build_base': '/home/tk/robot_manipulator/Panthera-HT_ROS2_Jazzy/build/with_gripper_config', 'catkin_cmake_args': None, 'catkin_skip_building_tests': False, 'cmake_args': None, 'cmake_clean_cache': False, 'cmake_clean_first': False, 'cmake_force_configure': False, 'cmake_target': None, 'cmake_target_skip_unavailable': False, 'install_base': '/home/tk/robot_manipulator/Panthera-HT_ROS2_Jazzy/install/with_gripper_config', 'merge_install': False, 'path': '/home/tk/robot_manipulator/Panthera-HT_ROS2_Jazzy/src/with_gripper_config', 'symlink_install': False, 'test_result_base': None}
[0.089s] Level 5:colcon.colcon_core.verb:set package 'panthera_commander' build argument 'cmake_args' from command line to 'None'
[0.089s] Level 5:colcon.colcon_core.verb:set package 'panthera_commander' build argument 'cmake_target' from command line to 'None'
[0.089s] Level 5:colcon.colcon_core.verb:set package 'panthera_commander' build argument 'cmake_target_skip_unavailable' from command line to 'False'
[0.089s] Level 5:colcon.colcon_core.verb:set package 'panthera_commander' build argument 'cmake_clean_cache' from command line to 'False'
[0.089s] Level 5:colcon.colcon_core.verb:set package 'panthera_commander' build argument 'cmake_clean_first' from command line to 'False'
[0.089s] Level 5:colcon.colcon_core.verb:set package 'panthera_commander' build argument 'cmake_force_configure' from command line to 'False'
[0.089s] Level 5:colcon.colcon_core.verb:set package 'panthera_commander' build argument 'ament_cmake_args' from command line to 'None'
[0.089s] Level 5:colcon.colcon_core.verb:set package 'panthera_commander' build argument 'catkin_cmake_args' from command line to 'None'
[0.089s] Level 5:colcon.colcon_core.verb:set package 'panthera_commander' build argument 'catkin_skip_building_tests' from command line to 'False'
[0.089s] DEBUG:colcon.colcon_core.verb:Building package 'panthera_commander' with the following arguments: {'ament_cmake_args': None, 'build_base': '/home/tk/robot_manipulator/Panthera-HT_ROS2_Jazzy/build/panthera_commander', 'catkin_cmake_args': None, 'catkin_skip_building_tests': False, 'cmake_args': None, 'cmake_clean_cache': False, 'cmake_clean_first': False, 'cmake_force_configure': False, 'cmake_target': None, 'cmake_target_skip_unavailable': False, 'install_base': '/home/tk/robot_manipulator/Panthera-HT_ROS2_Jazzy/install/panthera_commander', 'merge_install': False, 'path': '/home/tk/robot_manipulator/Panthera-HT_ROS2_Jazzy/src/panthera_commander', 'symlink_install': False, 'test_result_base': None}
[0.089s] Level 5:colcon.colcon_core.verb:set package 'panthera_gazebo' build argument 'cmake_args' from command line to 'None'
[0.089s] Level 5:colcon.colcon_core.verb:set package 'panthera_gazebo' build argument 'cmake_target' from command line to 'None'
[0.089s] Level 5:colcon.colcon_core.verb:set package 'panthera_gazebo' build argument 'cmake_target_skip_unavailable' from command line to 'False'
[0.089s] Level 5:colcon.colcon_core.verb:set package 'panthera_gazebo' build argument 'cmake_clean_cache' from command line to 'False'
[0.089s] Level 5:colcon.colcon_core.verb:set package 'panthera_gazebo' build argument 'cmake_clean_first' from command line to 'False'
[0.089s] Level 5:colcon.colcon_core.verb:set package 'panthera_gazebo' build argument 'cmake_force_configure' from command line to 'False'
[0.089s] Level 5:colcon.colcon_core.verb:set package 'panthera_gazebo' build argument 'ament_cmake_args' from command line to 'None'
[0.089s] Level 5:colcon.colcon_core.verb:set package 'panthera_gazebo' build argument 'catkin_cmake_args' from command line to 'None'
[0.089s] Level 5:colcon.colcon_core.verb:set package 'panthera_gazebo' build argument 'catkin_skip_building_tests' from command line to 'False'
[0.089s] DEBUG:colcon.colcon_core.verb:Building package 'panthera_gazebo' with the following arguments: {'ament_cmake_args': None, 'build_base': '/home/tk/robot_manipulator/Panthera-HT_ROS2_Jazzy/build/panthera_gazebo', 'catkin_cmake_args': None, 'catkin_skip_building_tests': False, 'cmake_args': None, 'cmake_clean_cache': False, 'cmake_clean_first': False, 'cmake_force_configure': False, 'cmake_target': None, 'cmake_target_skip_unavailable': False, 'install_base': '/home/tk/robot_manipulator/Panthera-HT_ROS2_Jazzy/install/panthera_gazebo', 'merge_install': False, 'path': '/home/tk/robot_manipulator/Panthera-HT_ROS2_Jazzy/src/panthera_gazebo', 'symlink_install': False, 'test_result_base': None}
[0.089s] INFO:colcon.colcon_core.executor:Executing jobs using 'parallel' executor
[0.090s] DEBUG:colcon.colcon_parallel_executor.executor.parallel:run_until_complete
[0.090s] INFO:colcon.colcon_ros.task.ament_cmake.build:Building ROS package in '/home/tk/robot_manipulator/Panthera-HT_ROS2_Jazzy/src/panthera_ht_description_with_finger' with build type 'ament_cmake'
[0.090s] INFO:colcon.colcon_cmake.task.cmake.build:Building CMake package in '/home/tk/robot_manipulator/Panthera-HT_ROS2_Jazzy/src/panthera_ht_description_with_finger'
[0.091s] INFO:colcon.colcon_core.plugin_system:Skipping extension 'colcon_core.shell.bat': Not used on non-Windows systems
[0.091s] DEBUG:colcon.colcon_core.shell:Skip shell extension 'dsv' for command environment
[0.091s] WARNING:colcon.colcon_ros.prefix_path.ament:The path '/home/tk/robot_manipulator/Panthera-HT_ROS2_Jazzy/install/panthera_gazebo' in the environment variable AMENT_PREFIX_PATH doesn't exist
[0.091s] WARNING:colcon.colcon_ros.prefix_path.ament:The path '/home/tk/robot_manipulator/Panthera-HT_ROS2_Jazzy/install/with_gripper_config' in the environment variable AMENT_PREFIX_PATH doesn't exist
[0.091s] WARNING:colcon.colcon_ros.prefix_path.ament:The path '/home/tk/robot_manipulator/Panthera-HT_ROS2_Jazzy/install/panthera_interfaces' in the environment variable AMENT_PREFIX_PATH doesn't exist
[0.091s] WARNING:colcon.colcon_ros.prefix_path.ament:The path '/home/tk/robot_manipulator/Panthera-HT_ROS2_Jazzy/install/panthera_ht_description_with_finger' in the environment variable AMENT_PREFIX_PATH doesn't exist
[0.091s] WARNING:colcon.colcon_ros.prefix_path.ament:The path '/home/tk/robot_manipulator/Panthera-HT_ROS2_Jazzy/install/panthera_bringup' in the environment variable AMENT_PREFIX_PATH doesn't exist
[0.091s] WARNING:colcon.colcon_ros.prefix_path.catkin:The path '/home/tk/robot_manipulator/Panthera-HT_ROS2_Jazzy/install/panthera_gazebo' in the environment variable CMAKE_PREFIX_PATH doesn't exist
[0.091s] WARNING:colcon.colcon_ros.prefix_path.catkin:The path '/home/tk/robot_manipulator/Panthera-HT_ROS2_Jazzy/install/with_gripper_config' in the environment variable CMAKE_PREFIX_PATH doesn't exist
[0.091s] WARNING:colcon.colcon_ros.prefix_path.catkin:The path '/home/tk/robot_manipulator/Panthera-HT_ROS2_Jazzy/install/panthera_interfaces' in the environment variable CMAKE_PREFIX_PATH doesn't exist
[0.091s] WARNING:colcon.colcon_ros.prefix_path.catkin:The path '/home/tk/robot_manipulator/Panthera-HT_ROS2_Jazzy/install/panthera_ht_description_with_finger' in the environment variable CMAKE_PREFIX_PATH doesn't exist
[0.091s] WARNING:colcon.colcon_ros.prefix_path.catkin:The path '/home/tk/robot_manipulator/Panthera-HT_ROS2_Jazzy/install/panthera_bringup' in the environment variable CMAKE_PREFIX_PATH doesn't exist
[0.093s] INFO:colcon.colcon_ros.task.ament_cmake.build:Building ROS package in '/home/tk/robot_manipulator/Panthera-HT_ROS2_Jazzy/src/hightorque_robot' with build type 'ament_cmake'
[0.093s] INFO:colcon.colcon_cmake.task.cmake.build:Building CMake package in '/home/tk/robot_manipulator/Panthera-HT_ROS2_Jazzy/src/hightorque_robot'
[0.093s] DEBUG:colcon.colcon_core.shell:Skip shell extension 'dsv' for command environment
[0.095s] INFO:colcon.colcon_ros.task.ament_cmake.build:Building ROS package in '/home/tk/robot_manipulator/Panthera-HT_ROS2_Jazzy/src/panthera_interfaces' with build type 'ament_cmake'
[0.095s] INFO:colcon.colcon_cmake.task.cmake.build:Building CMake package in '/home/tk/robot_manipulator/Panthera-HT_ROS2_Jazzy/src/panthera_interfaces'
[0.095s] DEBUG:colcon.colcon_core.shell:Skip shell extension 'dsv' for command environment
[0.096s] INFO:colcon.colcon_ros.task.ament_cmake.build:Building ROS package in '/home/tk/robot_manipulator/Panthera-HT_ROS2_Jazzy/src/panthera_bringup' with build type 'ament_cmake'
[0.096s] INFO:colcon.colcon_cmake.task.cmake.build:Building CMake package in '/home/tk/robot_manipulator/Panthera-HT_ROS2_Jazzy/src/panthera_bringup'
[0.096s] DEBUG:colcon.colcon_core.shell:Skip shell extension 'dsv' for command environment
[0.099s] DEBUG:colcon.colcon_core.event_handler.log_command:Invoking command in '/home/tk/robot_manipulator/Panthera-HT_ROS2_Jazzy/build/panthera_ht_description_with_finger': CMAKE_PREFIX_PATH=${CMAKE_PREFIX_PATH}:/opt/ros/jazzy DEBUGINFOD_URLS=https://debuginfod.ubuntu.com /usr/bin/cmake /home/tk/robot_manipulator/Panthera-HT_ROS2_Jazzy/src/panthera_ht_description_with_finger -DCMAKE_INSTALL_PREFIX=/home/tk/robot_manipulator/Panthera-HT_ROS2_Jazzy/install/panthera_ht_description_with_finger
[0.100s] DEBUG:colcon.colcon_core.event_handler.log_command:Invoking command in '/home/tk/robot_manipulator/Panthera-HT_ROS2_Jazzy/build/hightorque_robot': CMAKE_PREFIX_PATH=${CMAKE_PREFIX_PATH}:/opt/ros/jazzy DEBUGINFOD_URLS=https://debuginfod.ubuntu.com /usr/bin/cmake /home/tk/robot_manipulator/Panthera-HT_ROS2_Jazzy/src/hightorque_robot -DCMAKE_INSTALL_PREFIX=/home/tk/robot_manipulator/Panthera-HT_ROS2_Jazzy/install/hightorque_robot
[0.101s] DEBUG:colcon.colcon_core.event_handler.log_command:Invoking command in '/home/tk/robot_manipulator/Panthera-HT_ROS2_Jazzy/build/panthera_interfaces': CMAKE_PREFIX_PATH=${CMAKE_PREFIX_PATH}:/opt/ros/jazzy DEBUGINFOD_URLS=https://debuginfod.ubuntu.com /usr/bin/cmake /home/tk/robot_manipulator/Panthera-HT_ROS2_Jazzy/src/panthera_interfaces -DCMAKE_INSTALL_PREFIX=/home/tk/robot_manipulator/Panthera-HT_ROS2_Jazzy/install/panthera_interfaces
[0.103s] DEBUG:colcon.colcon_core.event_handler.log_command:Invoking command in '/home/tk/robot_manipulator/Panthera-HT_ROS2_Jazzy/build/panthera_bringup': CMAKE_PREFIX_PATH=${CMAKE_PREFIX_PATH}:/opt/ros/jazzy DEBUGINFOD_URLS=https://debuginfod.ubuntu.com /usr/bin/cmake /home/tk/robot_manipulator/Panthera-HT_ROS2_Jazzy/src/panthera_bringup -DCMAKE_INSTALL_PREFIX=/home/tk/robot_manipulator/Panthera-HT_ROS2_Jazzy/install/panthera_bringup
[0.524s] DEBUG:colcon.colcon_core.event_handler.log_command:Invoked command in '/home/tk/robot_manipulator/Panthera-HT_ROS2_Jazzy/build/panthera_ht_description_with_finger' returned '0': CMAKE_PREFIX_PATH=${CMAKE_PREFIX_PATH}:/opt/ros/jazzy DEBUGINFOD_URLS=https://debuginfod.ubuntu.com /usr/bin/cmake /home/tk/robot_manipulator/Panthera-HT_ROS2_Jazzy/src/panthera_ht_description_with_finger -DCMAKE_INSTALL_PREFIX=/home/tk/robot_manipulator/Panthera-HT_ROS2_Jazzy/install/panthera_ht_description_with_finger
[0.524s] DEBUG:colcon.colcon_core.event_handler.log_command:Invoking command in '/home/tk/robot_manipulator/Panthera-HT_ROS2_Jazzy/build/panthera_ht_description_with_finger': CMAKE_PREFIX_PATH=${CMAKE_PREFIX_PATH}:/opt/ros/jazzy DEBUGINFOD_URLS=https://debuginfod.ubuntu.com /usr/bin/cmake --build /home/tk/robot_manipulator/Panthera-HT_ROS2_Jazzy/build/panthera_ht_description_with_finger -- -j28 -l28
[0.547s] DEBUG:colcon.colcon_core.event_handler.log_command:Invoked command in '/home/tk/robot_manipulator/Panthera-HT_ROS2_Jazzy/build/panthera_ht_description_with_finger' returned '0': CMAKE_PREFIX_PATH=${CMAKE_PREFIX_PATH}:/opt/ros/jazzy DEBUGINFOD_URLS=https://debuginfod.ubuntu.com /usr/bin/cmake --build /home/tk/robot_manipulator/Panthera-HT_ROS2_Jazzy/build/panthera_ht_description_with_finger -- -j28 -l28
[0.552s] DEBUG:colcon.colcon_core.event_handler.log_command:Invoking command in '/home/tk/robot_manipulator/Panthera-HT_ROS2_Jazzy/build/panthera_ht_description_with_finger': CMAKE_PREFIX_PATH=${CMAKE_PREFIX_PATH}:/opt/ros/jazzy DEBUGINFOD_URLS=https://debuginfod.ubuntu.com /usr/bin/cmake --install /home/tk/robot_manipulator/Panthera-HT_ROS2_Jazzy/build/panthera_ht_description_with_finger
[0.554s] DEBUG:colcon.colcon_core.event_handler.log_command:Invoked command in '/home/tk/robot_manipulator/Panthera-HT_ROS2_Jazzy/build/panthera_bringup' returned '0': CMAKE_PREFIX_PATH=${CMAKE_PREFIX_PATH}:/opt/ros/jazzy DEBUGINFOD_URLS=https://debuginfod.ubuntu.com /usr/bin/cmake /home/tk/robot_manipulator/Panthera-HT_ROS2_Jazzy/src/panthera_bringup -DCMAKE_INSTALL_PREFIX=/home/tk/robot_manipulator/Panthera-HT_ROS2_Jazzy/install/panthera_bringup
[0.554s] DEBUG:colcon.colcon_core.event_handler.log_command:Invoking command in '/home/tk/robot_manipulator/Panthera-HT_ROS2_Jazzy/build/panthera_bringup': CMAKE_PREFIX_PATH=${CMAKE_PREFIX_PATH}:/opt/ros/jazzy DEBUGINFOD_URLS=https://debuginfod.ubuntu.com /usr/bin/cmake --build /home/tk/robot_manipulator/Panthera-HT_ROS2_Jazzy/build/panthera_bringup -- -j28 -l28
[0.574s] Level 1:colcon.colcon_core.environment:create_environment_scripts_only(panthera_ht_description_with_finger)
[0.575s] DEBUG:colcon.colcon_core.event_handler.log_command:Invoked command in '/home/tk/robot_manipulator/Panthera-HT_ROS2_Jazzy/build/panthera_ht_description_with_finger' returned '0': CMAKE_PREFIX_PATH=${CMAKE_PREFIX_PATH}:/opt/ros/jazzy DEBUGINFOD_URLS=https://debuginfod.ubuntu.com /usr/bin/cmake --install /home/tk/robot_manipulator/Panthera-HT_ROS2_Jazzy/build/panthera_ht_description_with_finger
[0.575s] Level 1:colcon.colcon_core.environment:checking '/home/tk/robot_manipulator/Panthera-HT_ROS2_Jazzy/install/panthera_ht_description_with_finger' for CMake module files
[0.576s] Level 1:colcon.colcon_core.environment:checking '/home/tk/robot_manipulator/Panthera-HT_ROS2_Jazzy/install/panthera_ht_description_with_finger' for CMake config files
[0.576s] Level 1:colcon.colcon_core.shell:create_environment_hook('panthera_ht_description_with_finger', 'cmake_prefix_path')
[0.576s] INFO:colcon.colcon_core.shell:Creating environment descriptor '/home/tk/robot_manipulator/Panthera-HT_ROS2_Jazzy/install/panthera_ht_description_with_finger/share/panthera_ht_description_with_finger/hook/cmake_prefix_path.dsv'
[0.576s] INFO:colcon.colcon_core.shell:Creating environment hook '/home/tk/robot_manipulator/Panthera-HT_ROS2_Jazzy/install/panthera_ht_description_with_finger/share/panthera_ht_description_with_finger/hook/cmake_prefix_path.sh'
[0.576s] Level 1:colcon.colcon_core.environment:checking '/home/tk/robot_manipulator/Panthera-HT_ROS2_Jazzy/install/panthera_ht_description_with_finger/bin'
[0.576s] Level 1:colcon.colcon_core.environment:checking '/home/tk/robot_manipulator/Panthera-HT_ROS2_Jazzy/install/panthera_ht_description_with_finger/lib/pkgconfig/panthera_ht_description_with_finger.pc'
[0.577s] Level 1:colcon.colcon_core.environment:checking '/home/tk/robot_manipulator/Panthera-HT_ROS2_Jazzy/install/panthera_ht_description_with_finger/lib/python3.12/site-packages'
[0.578s] Level 1:colcon.colcon_core.environment:checking '/home/tk/robot_manipulator/Panthera-HT_ROS2_Jazzy/install/panthera_ht_description_with_finger/bin'
[0.578s] INFO:colcon.colcon_core.shell:Creating package descriptor '/home/tk/robot_manipulator/Panthera-HT_ROS2_Jazzy/install/panthera_ht_description_with_finger/share/panthera_ht_description_with_finger/package.dsv'
[0.578s] INFO:colcon.colcon_core.shell:Creating package script '/home/tk/robot_manipulator/Panthera-HT_ROS2_Jazzy/install/panthera_ht_description_with_finger/share/panthera_ht_description_with_finger/package.sh'
[0.578s] INFO:colcon.colcon_core.shell:Creating package script '/home/tk/robot_manipulator/Panthera-HT_ROS2_Jazzy/install/panthera_ht_description_with_finger/share/panthera_ht_description_with_finger/package.bash'
[0.578s] INFO:colcon.colcon_core.shell:Creating package script '/home/tk/robot_manipulator/Panthera-HT_ROS2_Jazzy/install/panthera_ht_description_with_finger/share/panthera_ht_description_with_finger/package.zsh'
[0.579s] Level 1:colcon.colcon_core.environment:create_file_with_runtime_dependencies(/home/tk/robot_manipulator/Panthera-HT_ROS2_Jazzy/install/panthera_ht_description_with_finger/share/colcon-core/packages/panthera_ht_description_with_finger)
[0.579s] Level 1:colcon.colcon_core.environment:create_environment_scripts_only(panthera_ht_description_with_finger)
[0.579s] Level 1:colcon.colcon_core.environment:checking '/home/tk/robot_manipulator/Panthera-HT_ROS2_Jazzy/install/panthera_ht_description_with_finger' for CMake module files
[0.579s] Level 1:colcon.colcon_core.environment:checking '/home/tk/robot_manipulator/Panthera-HT_ROS2_Jazzy/install/panthera_ht_description_with_finger' for CMake config files
[0.579s] Level 1:colcon.colcon_core.shell:create_environment_hook('panthera_ht_description_with_finger', 'cmake_prefix_path')
[0.579s] INFO:colcon.colcon_core.shell:Creating environment descriptor '/home/tk/robot_manipulator/Panthera-HT_ROS2_Jazzy/install/panthera_ht_description_with_finger/share/panthera_ht_description_with_finger/hook/cmake_prefix_path.dsv'
[0.579s] INFO:colcon.colcon_core.shell:Creating environment hook '/home/tk/robot_manipulator/Panthera-HT_ROS2_Jazzy/install/panthera_ht_description_with_finger/share/panthera_ht_description_with_finger/hook/cmake_prefix_path.sh'
[0.579s] Level 1:colcon.colcon_core.environment:checking '/home/tk/robot_manipulator/Panthera-HT_ROS2_Jazzy/install/panthera_ht_description_with_finger/bin'
[0.580s] Level 1:colcon.colcon_core.environment:checking '/home/tk/robot_manipulator/Panthera-HT_ROS2_Jazzy/install/panthera_ht_description_with_finger/lib/pkgconfig/panthera_ht_description_with_finger.pc'
[0.580s] Level 1:colcon.colcon_core.environment:checking '/home/tk/robot_manipulator/Panthera-HT_ROS2_Jazzy/install/panthera_ht_description_with_finger/lib/python3.12/site-packages'
[0.580s] Level 1:colcon.colcon_core.environment:checking '/home/tk/robot_manipulator/Panthera-HT_ROS2_Jazzy/install/panthera_ht_description_with_finger/bin'
[0.580s] INFO:colcon.colcon_core.shell:Creating package descriptor '/home/tk/robot_manipulator/Panthera-HT_ROS2_Jazzy/install/panthera_ht_description_with_finger/share/panthera_ht_description_with_finger/package.dsv'
[0.580s] INFO:colcon.colcon_core.shell:Creating package script '/home/tk/robot_manipulator/Panthera-HT_ROS2_Jazzy/install/panthera_ht_description_with_finger/share/panthera_ht_description_with_finger/package.sh'
[0.580s] INFO:colcon.colcon_core.shell:Creating package script '/home/tk/robot_manipulator/Panthera-HT_ROS2_Jazzy/install/panthera_ht_description_with_finger/share/panthera_ht_description_with_finger/package.bash'
[0.580s] INFO:colcon.colcon_core.shell:Creating package script '/home/tk/robot_manipulator/Panthera-HT_ROS2_Jazzy/install/panthera_ht_description_with_finger/share/panthera_ht_description_with_finger/package.zsh'
[0.580s] Level 1:colcon.colcon_core.environment:create_file_with_runtime_dependencies(/home/tk/robot_manipulator/Panthera-HT_ROS2_Jazzy/install/panthera_ht_description_with_finger/share/colcon-core/packages/panthera_ht_description_with_finger)
[0.581s] INFO:colcon.colcon_ros.task.ament_cmake.build:Building ROS package in '/home/tk/robot_manipulator/Panthera-HT_ROS2_Jazzy/src/with_gripper_config' with build type 'ament_cmake'
[0.581s] INFO:colcon.colcon_cmake.task.cmake.build:Building CMake package in '/home/tk/robot_manipulator/Panthera-HT_ROS2_Jazzy/src/with_gripper_config'
[0.581s] DEBUG:colcon.colcon_core.shell:Skip shell extension 'dsv' for command environment
[0.583s] DEBUG:colcon.colcon_core.event_handler.log_command:Invoked command in '/home/tk/robot_manipulator/Panthera-HT_ROS2_Jazzy/build/panthera_bringup' returned '0': CMAKE_PREFIX_PATH=${CMAKE_PREFIX_PATH}:/opt/ros/jazzy DEBUGINFOD_URLS=https://debuginfod.ubuntu.com /usr/bin/cmake --build /home/tk/robot_manipulator/Panthera-HT_ROS2_Jazzy/build/panthera_bringup -- -j28 -l28
[0.584s] DEBUG:colcon.colcon_core.event_handler.log_command:Invoking command in '/home/tk/robot_manipulator/Panthera-HT_ROS2_Jazzy/build/panthera_bringup': CMAKE_PREFIX_PATH=${CMAKE_PREFIX_PATH}:/opt/ros/jazzy DEBUGINFOD_URLS=https://debuginfod.ubuntu.com /usr/bin/cmake --install /home/tk/robot_manipulator/Panthera-HT_ROS2_Jazzy/build/panthera_bringup
[0.585s] DEBUG:colcon.colcon_core.event_handler.log_command:Invoking command in '/home/tk/robot_manipulator/Panthera-HT_ROS2_Jazzy/build/with_gripper_config': CMAKE_PREFIX_PATH=/home/tk/robot_manipulator/Panthera-HT_ROS2_Jazzy/install/panthera_ht_description_with_finger:/home/tk/robot_manipulator/Panthera-HT_ROS2_Jazzy/install/panthera_gazebo:/home/tk/robot_manipulator/Panthera-HT_ROS2_Jazzy/install/with_gripper_config:/home/tk/robot_manipulator/Panthera-HT_ROS2_Jazzy/install/panthera_interfaces:/home/tk/robot_manipulator/Panthera-HT_ROS2_Jazzy/install/panthera_bringup:/opt/ros/jazzy/opt/gz_sim_vendor:/opt/ros/jazzy/opt/gz_sensors_vendor:/opt/ros/jazzy/opt/gz_physics_vendor:/opt/ros/jazzy/opt/sdformat_vendor:/opt/ros/jazzy/opt/gz_gui_vendor:/opt/ros/jazzy/opt/gz_transport_vendor:/opt/ros/jazzy/opt/gz_rendering_vendor:/opt/ros/jazzy/opt/gz_plugin_vendor:/opt/ros/jazzy/opt/gz_fuel_tools_vendor:/opt/ros/jazzy/opt/gz_msgs_vendor:/opt/ros/jazzy/opt/gz_common_vendor:/opt/ros/jazzy/opt/gz_math_vendor:/opt/ros/jazzy/opt/gz_utils_vendor:/opt/ros/jazzy/opt/gz_tools_vendor:/opt/ros/jazzy/opt/gz_ogre_next_vendor:/opt/ros/jazzy/opt/gz_dartsim_vendor:/opt/ros/jazzy/opt/gz_cmake_vendor:/opt/ros/jazzy DEBUGINFOD_URLS=https://debuginfod.ubuntu.com /usr/bin/cmake /home/tk/robot_manipulator/Panthera-HT_ROS2_Jazzy/src/with_gripper_config -DCMAKE_INSTALL_PREFIX=/home/tk/robot_manipulator/Panthera-HT_ROS2_Jazzy/install/with_gripper_config
[0.591s] Level 1:colcon.colcon_core.environment:create_environment_scripts_only(panthera_bringup)
[0.592s] Level 1:colcon.colcon_core.environment:checking '/home/tk/robot_manipulator/Panthera-HT_ROS2_Jazzy/install/panthera_bringup' for CMake module files
[0.592s] DEBUG:colcon.colcon_core.event_handler.log_command:Invoked command in '/home/tk/robot_manipulator/Panthera-HT_ROS2_Jazzy/build/panthera_bringup' returned '0': CMAKE_PREFIX_PATH=${CMAKE_PREFIX_PATH}:/opt/ros/jazzy DEBUGINFOD_URLS=https://debuginfod.ubuntu.com /usr/bin/cmake --install /home/tk/robot_manipulator/Panthera-HT_ROS2_Jazzy/build/panthera_bringup
[0.592s] Level 1:colcon.colcon_core.environment:checking '/home/tk/robot_manipulator/Panthera-HT_ROS2_Jazzy/install/panthera_bringup' for CMake config files
[0.592s] Level 1:colcon.colcon_core.shell:create_environment_hook('panthera_bringup', 'cmake_prefix_path')
[0.592s] INFO:colcon.colcon_core.shell:Creating environment descriptor '/home/tk/robot_manipulator/Panthera-HT_ROS2_Jazzy/install/panthera_bringup/share/panthera_bringup/hook/cmake_prefix_path.dsv'
[0.592s] INFO:colcon.colcon_core.shell:Creating environment hook '/home/tk/robot_manipulator/Panthera-HT_ROS2_Jazzy/install/panthera_bringup/share/panthera_bringup/hook/cmake_prefix_path.sh'
[0.593s] Level 1:colcon.colcon_core.environment:checking '/home/tk/robot_manipulator/Panthera-HT_ROS2_Jazzy/install/panthera_bringup/bin'
[0.593s] Level 1:colcon.colcon_core.environment:checking '/home/tk/robot_manipulator/Panthera-HT_ROS2_Jazzy/install/panthera_bringup/lib/pkgconfig/panthera_bringup.pc'
[0.593s] Level 1:colcon.colcon_core.environment:checking '/home/tk/robot_manipulator/Panthera-HT_ROS2_Jazzy/install/panthera_bringup/lib/python3.12/site-packages'
[0.593s] Level 1:colcon.colcon_core.environment:checking '/home/tk/robot_manipulator/Panthera-HT_ROS2_Jazzy/install/panthera_bringup/bin'
[0.593s] INFO:colcon.colcon_core.shell:Creating package descriptor '/home/tk/robot_manipulator/Panthera-HT_ROS2_Jazzy/install/panthera_bringup/share/panthera_bringup/package.dsv'
[0.593s] INFO:colcon.colcon_core.shell:Creating package script '/home/tk/robot_manipulator/Panthera-HT_ROS2_Jazzy/install/panthera_bringup/share/panthera_bringup/package.sh'
[0.593s] INFO:colcon.colcon_core.shell:Creating package script '/home/tk/robot_manipulator/Panthera-HT_ROS2_Jazzy/install/panthera_bringup/share/panthera_bringup/package.bash'
[0.593s] INFO:colcon.colcon_core.shell:Creating package script '/home/tk/robot_manipulator/Panthera-HT_ROS2_Jazzy/install/panthera_bringup/share/panthera_bringup/package.zsh'
[0.594s] Level 1:colcon.colcon_core.environment:create_file_with_runtime_dependencies(/home/tk/robot_manipulator/Panthera-HT_ROS2_Jazzy/install/panthera_bringup/share/colcon-core/packages/panthera_bringup)
[0.594s] Level 1:colcon.colcon_core.environment:create_environment_scripts_only(panthera_bringup)
[0.594s] Level 1:colcon.colcon_core.environment:checking '/home/tk/robot_manipulator/Panthera-HT_ROS2_Jazzy/install/panthera_bringup' for CMake module files
[0.594s] Level 1:colcon.colcon_core.environment:checking '/home/tk/robot_manipulator/Panthera-HT_ROS2_Jazzy/install/panthera_bringup' for CMake config files
[0.594s] Level 1:colcon.colcon_core.shell:create_environment_hook('panthera_bringup', 'cmake_prefix_path')
[0.594s] INFO:colcon.colcon_core.shell:Creating environment descriptor '/home/tk/robot_manipulator/Panthera-HT_ROS2_Jazzy/install/panthera_bringup/share/panthera_bringup/hook/cmake_prefix_path.dsv'
[0.594s] INFO:colcon.colcon_core.shell:Creating environment hook '/home/tk/robot_manipulator/Panthera-HT_ROS2_Jazzy/install/panthera_bringup/share/panthera_bringup/hook/cmake_prefix_path.sh'
[0.594s] Level 1:colcon.colcon_core.environment:checking '/home/tk/robot_manipulator/Panthera-HT_ROS2_Jazzy/install/panthera_bringup/bin'
[0.594s] Level 1:colcon.colcon_core.environment:checking '/home/tk/robot_manipulator/Panthera-HT_ROS2_Jazzy/install/panthera_bringup/lib/pkgconfig/panthera_bringup.pc'
[0.595s] Level 1:colcon.colcon_core.environment:checking '/home/tk/robot_manipulator/Panthera-HT_ROS2_Jazzy/install/panthera_bringup/lib/python3.12/site-packages'
[0.595s] Level 1:colcon.colcon_core.environment:checking '/home/tk/robot_manipulator/Panthera-HT_ROS2_Jazzy/install/panthera_bringup/bin'
[0.595s] INFO:colcon.colcon_core.shell:Creating package descriptor '/home/tk/robot_manipulator/Panthera-HT_ROS2_Jazzy/install/panthera_bringup/share/panthera_bringup/package.dsv'
[0.595s] INFO:colcon.colcon_core.shell:Creating package script '/home/tk/robot_manipulator/Panthera-HT_ROS2_Jazzy/install/panthera_bringup/share/panthera_bringup/package.sh'
[0.595s] INFO:colcon.colcon_core.shell:Creating package script '/home/tk/robot_manipulator/Panthera-HT_ROS2_Jazzy/install/panthera_bringup/share/panthera_bringup/package.bash'
[0.595s] INFO:colcon.colcon_core.shell:Creating package script '/home/tk/robot_manipulator/Panthera-HT_ROS2_Jazzy/install/panthera_bringup/share/panthera_bringup/package.zsh'
[0.595s] Level 1:colcon.colcon_core.environment:create_file_with_runtime_dependencies(/home/tk/robot_manipulator/Panthera-HT_ROS2_Jazzy/install/panthera_bringup/share/colcon-core/packages/panthera_bringup)
[1.009s] DEBUG:colcon.colcon_core.event_handler.log_command:Invoked command in '/home/tk/robot_manipulator/Panthera-HT_ROS2_Jazzy/build/with_gripper_config' returned '0': CMAKE_PREFIX_PATH=/home/tk/robot_manipulator/Panthera-HT_ROS2_Jazzy/install/panthera_ht_description_with_finger:/home/tk/robot_manipulator/Panthera-HT_ROS2_Jazzy/install/panthera_gazebo:/home/tk/robot_manipulator/Panthera-HT_ROS2_Jazzy/install/with_gripper_config:/home/tk/robot_manipulator/Panthera-HT_ROS2_Jazzy/install/panthera_interfaces:/home/tk/robot_manipulator/Panthera-HT_ROS2_Jazzy/install/panthera_bringup:/opt/ros/jazzy/opt/gz_sim_vendor:/opt/ros/jazzy/opt/gz_sensors_vendor:/opt/ros/jazzy/opt/gz_physics_vendor:/opt/ros/jazzy/opt/sdformat_vendor:/opt/ros/jazzy/opt/gz_gui_vendor:/opt/ros/jazzy/opt/gz_transport_vendor:/opt/ros/jazzy/opt/gz_rendering_vendor:/opt/ros/jazzy/opt/gz_plugin_vendor:/opt/ros/jazzy/opt/gz_fuel_tools_vendor:/opt/ros/jazzy/opt/gz_msgs_vendor:/opt/ros/jazzy/opt/gz_common_vendor:/opt/ros/jazzy/opt/gz_math_vendor:/opt/ros/jazzy/opt/gz_utils_vendor:/opt/ros/jazzy/opt/gz_tools_vendor:/opt/ros/jazzy/opt/gz_ogre_next_vendor:/opt/ros/jazzy/opt/gz_dartsim_vendor:/opt/ros/jazzy/opt/gz_cmake_vendor:/opt/ros/jazzy DEBUGINFOD_URLS=https://debuginfod.ubuntu.com /usr/bin/cmake /home/tk/robot_manipulator/Panthera-HT_ROS2_Jazzy/src/with_gripper_config -DCMAKE_INSTALL_PREFIX=/home/tk/robot_manipulator/Panthera-HT_ROS2_Jazzy/install/with_gripper_config
[1.010s] DEBUG:colcon.colcon_core.event_handler.log_command:Invoking command in '/home/tk/robot_manipulator/Panthera-HT_ROS2_Jazzy/build/with_gripper_config': CMAKE_PREFIX_PATH=/home/tk/robot_manipulator/Panthera-HT_ROS2_Jazzy/install/panthera_ht_description_with_finger:/home/tk/robot_manipulator/Panthera-HT_ROS2_Jazzy/install/panthera_gazebo:/home/tk/robot_manipulator/Panthera-HT_ROS2_Jazzy/install/with_gripper_config:/home/tk/robot_manipulator/Panthera-HT_ROS2_Jazzy/install/panthera_interfaces:/home/tk/robot_manipulator/Panthera-HT_ROS2_Jazzy/install/panthera_bringup:/opt/ros/jazzy/opt/gz_sim_vendor:/opt/ros/jazzy/opt/gz_sensors_vendor:/opt/ros/jazzy/opt/gz_physics_vendor:/opt/ros/jazzy/opt/sdformat_vendor:/opt/ros/jazzy/opt/gz_gui_vendor:/opt/ros/jazzy/opt/gz_transport_vendor:/opt/ros/jazzy/opt/gz_rendering_vendor:/opt/ros/jazzy/opt/gz_plugin_vendor:/opt/ros/jazzy/opt/gz_fuel_tools_vendor:/opt/ros/jazzy/opt/gz_msgs_vendor:/opt/ros/jazzy/opt/gz_common_vendor:/opt/ros/jazzy/opt/gz_math_vendor:/opt/ros/jazzy/opt/gz_utils_vendor:/opt/ros/jazzy/opt/gz_tools_vendor:/opt/ros/jazzy/opt/gz_ogre_next_vendor:/opt/ros/jazzy/opt/gz_dartsim_vendor:/opt/ros/jazzy/opt/gz_cmake_vendor:/opt/ros/jazzy DEBUGINFOD_URLS=https://debuginfod.ubuntu.com /usr/bin/cmake --build /home/tk/robot_manipulator/Panthera-HT_ROS2_Jazzy/build/with_gripper_config -- -j28 -l28
[1.034s] DEBUG:colcon.colcon_core.event_handler.log_command:Invoked command in '/home/tk/robot_manipulator/Panthera-HT_ROS2_Jazzy/build/with_gripper_config' returned '0': CMAKE_PREFIX_PATH=/home/tk/robot_manipulator/Panthera-HT_ROS2_Jazzy/install/panthera_ht_description_with_finger:/home/tk/robot_manipulator/Panthera-HT_ROS2_Jazzy/install/panthera_gazebo:/home/tk/robot_manipulator/Panthera-HT_ROS2_Jazzy/install/with_gripper_config:/home/tk/robot_manipulator/Panthera-HT_ROS2_Jazzy/install/panthera_interfaces:/home/tk/robot_manipulator/Panthera-HT_ROS2_Jazzy/install/panthera_bringup:/opt/ros/jazzy/opt/gz_sim_vendor:/opt/ros/jazzy/opt/gz_sensors_vendor:/opt/ros/jazzy/opt/gz_physics_vendor:/opt/ros/jazzy/opt/sdformat_vendor:/opt/ros/jazzy/opt/gz_gui_vendor:/opt/ros/jazzy/opt/gz_transport_vendor:/opt/ros/jazzy/opt/gz_rendering_vendor:/opt/ros/jazzy/opt/gz_plugin_vendor:/opt/ros/jazzy/opt/gz_fuel_tools_vendor:/opt/ros/jazzy/opt/gz_msgs_vendor:/opt/ros/jazzy/opt/gz_common_vendor:/opt/ros/jazzy/opt/gz_math_vendor:/opt/ros/jazzy/opt/gz_utils_vendor:/opt/ros/jazzy/opt/gz_tools_vendor:/opt/ros/jazzy/opt/gz_ogre_next_vendor:/opt/ros/jazzy/opt/gz_dartsim_vendor:/opt/ros/jazzy/opt/gz_cmake_vendor:/opt/ros/jazzy DEBUGINFOD_URLS=https://debuginfod.ubuntu.com /usr/bin/cmake --build /home/tk/robot_manipulator/Panthera-HT_ROS2_Jazzy/build/with_gripper_config -- -j28 -l28
[1.034s] DEBUG:colcon.colcon_core.event_handler.log_command:Invoking command in '/home/tk/robot_manipulator/Panthera-HT_ROS2_Jazzy/build/with_gripper_config': CMAKE_PREFIX_PATH=/home/tk/robot_manipulator/Panthera-HT_ROS2_Jazzy/install/panthera_ht_description_with_finger:/home/tk/robot_manipulator/Panthera-HT_ROS2_Jazzy/install/panthera_gazebo:/home/tk/robot_manipulator/Panthera-HT_ROS2_Jazzy/install/with_gripper_config:/home/tk/robot_manipulator/Panthera-HT_ROS2_Jazzy/install/panthera_interfaces:/home/tk/robot_manipulator/Panthera-HT_ROS2_Jazzy/install/panthera_bringup:/opt/ros/jazzy/opt/gz_sim_vendor:/opt/ros/jazzy/opt/gz_sensors_vendor:/opt/ros/jazzy/opt/gz_physics_vendor:/opt/ros/jazzy/opt/sdformat_vendor:/opt/ros/jazzy/opt/gz_gui_vendor:/opt/ros/jazzy/opt/gz_transport_vendor:/opt/ros/jazzy/opt/gz_rendering_vendor:/opt/ros/jazzy/opt/gz_plugin_vendor:/opt/ros/jazzy/opt/gz_fuel_tools_vendor:/opt/ros/jazzy/opt/gz_msgs_vendor:/opt/ros/jazzy/opt/gz_common_vendor:/opt/ros/jazzy/opt/gz_math_vendor:/opt/ros/jazzy/opt/gz_utils_vendor:/opt/ros/jazzy/opt/gz_tools_vendor:/opt/ros/jazzy/opt/gz_ogre_next_vendor:/opt/ros/jazzy/opt/gz_dartsim_vendor:/opt/ros/jazzy/opt/gz_cmake_vendor:/opt/ros/jazzy DEBUGINFOD_URLS=https://debuginfod.ubuntu.com /usr/bin/cmake --install /home/tk/robot_manipulator/Panthera-HT_ROS2_Jazzy/build/with_gripper_config
[1.042s] Level 1:colcon.colcon_core.environment:create_environment_scripts_only(with_gripper_config)
[1.043s] Level 1:colcon.colcon_core.environment:checking '/home/tk/robot_manipulator/Panthera-HT_ROS2_Jazzy/install/with_gripper_config' for CMake module files
[1.043s] DEBUG:colcon.colcon_core.event_handler.log_command:Invoked command in '/home/tk/robot_manipulator/Panthera-HT_ROS2_Jazzy/build/with_gripper_config' returned '0': CMAKE_PREFIX_PATH=/home/tk/robot_manipulator/Panthera-HT_ROS2_Jazzy/install/panthera_ht_description_with_finger:/home/tk/robot_manipulator/Panthera-HT_ROS2_Jazzy/install/panthera_gazebo:/home/tk/robot_manipulator/Panthera-HT_ROS2_Jazzy/install/with_gripper_config:/home/tk/robot_manipulator/Panthera-HT_ROS2_Jazzy/install/panthera_interfaces:/home/tk/robot_manipulator/Panthera-HT_ROS2_Jazzy/install/panthera_bringup:/opt/ros/jazzy/opt/gz_sim_vendor:/opt/ros/jazzy/opt/gz_sensors_vendor:/opt/ros/jazzy/opt/gz_physics_vendor:/opt/ros/jazzy/opt/sdformat_vendor:/opt/ros/jazzy/opt/gz_gui_vendor:/opt/ros/jazzy/opt/gz_transport_vendor:/opt/ros/jazzy/opt/gz_rendering_vendor:/opt/ros/jazzy/opt/gz_plugin_vendor:/opt/ros/jazzy/opt/gz_fuel_tools_vendor:/opt/ros/jazzy/opt/gz_msgs_vendor:/opt/ros/jazzy/opt/gz_common_vendor:/opt/ros/jazzy/opt/gz_math_vendor:/opt/ros/jazzy/opt/gz_utils_vendor:/opt/ros/jazzy/opt/gz_tools_vendor:/opt/ros/jazzy/opt/gz_ogre_next_vendor:/opt/ros/jazzy/opt/gz_dartsim_vendor:/opt/ros/jazzy/opt/gz_cmake_vendor:/opt/ros/jazzy DEBUGINFOD_URLS=https://debuginfod.ubuntu.com /usr/bin/cmake --install /home/tk/robot_manipulator/Panthera-HT_ROS2_Jazzy/build/with_gripper_config
[1.043s] Level 1:colcon.colcon_core.environment:checking '/home/tk/robot_manipulator/Panthera-HT_ROS2_Jazzy/install/with_gripper_config' for CMake config files
[1.043s] Level 1:colcon.colcon_core.shell:create_environment_hook('with_gripper_config', 'cmake_prefix_path')
[1.043s] INFO:colcon.colcon_core.shell:Creating environment descriptor '/home/tk/robot_manipulator/Panthera-HT_ROS2_Jazzy/install/with_gripper_config/share/with_gripper_config/hook/cmake_prefix_path.dsv'
[1.044s] INFO:colcon.colcon_core.shell:Creating environment hook '/home/tk/robot_manipulator/Panthera-HT_ROS2_Jazzy/install/with_gripper_config/share/with_gripper_config/hook/cmake_prefix_path.sh'
[1.044s] Level 1:colcon.colcon_core.environment:checking '/home/tk/robot_manipulator/Panthera-HT_ROS2_Jazzy/install/with_gripper_config/bin'
[1.044s] Level 1:colcon.colcon_core.environment:checking '/home/tk/robot_manipulator/Panthera-HT_ROS2_Jazzy/install/with_gripper_config/lib/pkgconfig/with_gripper_config.pc'
[1.044s] Level 1:colcon.colcon_core.environment:checking '/home/tk/robot_manipulator/Panthera-HT_ROS2_Jazzy/install/with_gripper_config/lib/python3.12/site-packages'
[1.045s] Level 1:colcon.colcon_core.environment:checking '/home/tk/robot_manipulator/Panthera-HT_ROS2_Jazzy/install/with_gripper_config/bin'
[1.045s] INFO:colcon.colcon_core.shell:Creating package descriptor '/home/tk/robot_manipulator/Panthera-HT_ROS2_Jazzy/install/with_gripper_config/share/with_gripper_config/package.dsv'
[1.045s] INFO:colcon.colcon_core.shell:Creating package script '/home/tk/robot_manipulator/Panthera-HT_ROS2_Jazzy/install/with_gripper_config/share/with_gripper_config/package.sh'
[1.045s] INFO:colcon.colcon_core.shell:Creating package script '/home/tk/robot_manipulator/Panthera-HT_ROS2_Jazzy/install/with_gripper_config/share/with_gripper_config/package.bash'
[1.046s] INFO:colcon.colcon_core.shell:Creating package script '/home/tk/robot_manipulator/Panthera-HT_ROS2_Jazzy/install/with_gripper_config/share/with_gripper_config/package.zsh'
[1.046s] Level 1:colcon.colcon_core.environment:create_file_with_runtime_dependencies(/home/tk/robot_manipulator/Panthera-HT_ROS2_Jazzy/install/with_gripper_config/share/colcon-core/packages/with_gripper_config)
[1.046s] Level 1:colcon.colcon_core.environment:create_environment_scripts_only(with_gripper_config)
[1.046s] Level 1:colcon.colcon_core.environment:checking '/home/tk/robot_manipulator/Panthera-HT_ROS2_Jazzy/install/with_gripper_config' for CMake module files
[1.047s] Level 1:colcon.colcon_core.environment:checking '/home/tk/robot_manipulator/Panthera-HT_ROS2_Jazzy/install/with_gripper_config' for CMake config files
[1.047s] Level 1:colcon.colcon_core.shell:create_environment_hook('with_gripper_config', 'cmake_prefix_path')
[1.047s] INFO:colcon.colcon_core.shell:Creating environment descriptor '/home/tk/robot_manipulator/Panthera-HT_ROS2_Jazzy/install/with_gripper_config/share/with_gripper_config/hook/cmake_prefix_path.dsv'
[1.047s] INFO:colcon.colcon_core.shell:Creating environment hook '/home/tk/robot_manipulator/Panthera-HT_ROS2_Jazzy/install/with_gripper_config/share/with_gripper_config/hook/cmake_prefix_path.sh'
[1.047s] Level 1:colcon.colcon_core.environment:checking '/home/tk/robot_manipulator/Panthera-HT_ROS2_Jazzy/install/with_gripper_config/bin'
[1.047s] Level 1:colcon.colcon_core.environment:checking '/home/tk/robot_manipulator/Panthera-HT_ROS2_Jazzy/install/with_gripper_config/lib/pkgconfig/with_gripper_config.pc'
[1.047s] Level 1:colcon.colcon_core.environment:checking '/home/tk/robot_manipulator/Panthera-HT_ROS2_Jazzy/install/with_gripper_config/lib/python3.12/site-packages'
[1.048s] Level 1:colcon.colcon_core.environment:checking '/home/tk/robot_manipulator/Panthera-HT_ROS2_Jazzy/install/with_gripper_config/bin'
[1.048s] INFO:colcon.colcon_core.shell:Creating package descriptor '/home/tk/robot_manipulator/Panthera-HT_ROS2_Jazzy/install/with_gripper_config/share/with_gripper_config/package.dsv'
[1.048s] INFO:colcon.colcon_core.shell:Creating package script '/home/tk/robot_manipulator/Panthera-HT_ROS2_Jazzy/install/with_gripper_config/share/with_gripper_config/package.sh'
[1.049s] INFO:colcon.colcon_core.shell:Creating package script '/home/tk/robot_manipulator/Panthera-HT_ROS2_Jazzy/install/with_gripper_config/share/with_gripper_config/package.bash'
[1.049s] INFO:colcon.colcon_core.shell:Creating package script '/home/tk/robot_manipulator/Panthera-HT_ROS2_Jazzy/install/with_gripper_config/share/with_gripper_config/package.zsh'
[1.049s] Level 1:colcon.colcon_core.environment:create_file_with_runtime_dependencies(/home/tk/robot_manipulator/Panthera-HT_ROS2_Jazzy/install/with_gripper_config/share/colcon-core/packages/with_gripper_config)
[1.049s] INFO:colcon.colcon_ros.task.ament_cmake.build:Building ROS package in '/home/tk/robot_manipulator/Panthera-HT_ROS2_Jazzy/src/panthera_gazebo' with build type 'ament_cmake'
[1.049s] INFO:colcon.colcon_cmake.task.cmake.build:Building CMake package in '/home/tk/robot_manipulator/Panthera-HT_ROS2_Jazzy/src/panthera_gazebo'
[1.049s] DEBUG:colcon.colcon_core.shell:Skip shell extension 'dsv' for command environment
[1.055s] DEBUG:colcon.colcon_core.event_handler.log_command:Invoking command in '/home/tk/robot_manipulator/Panthera-HT_ROS2_Jazzy/build/panthera_gazebo': CMAKE_PREFIX_PATH=/home/tk/robot_manipulator/Panthera-HT_ROS2_Jazzy/install/with_gripper_config:/home/tk/robot_manipulator/Panthera-HT_ROS2_Jazzy/install/panthera_ht_description_with_finger:/home/tk/robot_manipulator/Panthera-HT_ROS2_Jazzy/install/panthera_gazebo:/home/tk/robot_manipulator/Panthera-HT_ROS2_Jazzy/install/panthera_interfaces:/home/tk/robot_manipulator/Panthera-HT_ROS2_Jazzy/install/panthera_bringup:/opt/ros/jazzy/opt/gz_sim_vendor:/opt/ros/jazzy/opt/gz_sensors_vendor:/opt/ros/jazzy/opt/gz_physics_vendor:/opt/ros/jazzy/opt/sdformat_vendor:/opt/ros/jazzy/opt/gz_gui_vendor:/opt/ros/jazzy/opt/gz_transport_vendor:/opt/ros/jazzy/opt/gz_rendering_vendor:/opt/ros/jazzy/opt/gz_plugin_vendor:/opt/ros/jazzy/opt/gz_fuel_tools_vendor:/opt/ros/jazzy/opt/gz_msgs_vendor:/opt/ros/jazzy/opt/gz_common_vendor:/opt/ros/jazzy/opt/gz_math_vendor:/opt/ros/jazzy/opt/gz_utils_vendor:/opt/ros/jazzy/opt/gz_tools_vendor:/opt/ros/jazzy/opt/gz_ogre_next_vendor:/opt/ros/jazzy/opt/gz_dartsim_vendor:/opt/ros/jazzy/opt/gz_cmake_vendor:/opt/ros/jazzy DEBUGINFOD_URLS=https://debuginfod.ubuntu.com /usr/bin/cmake /home/tk/robot_manipulator/Panthera-HT_ROS2_Jazzy/src/panthera_gazebo -DCMAKE_INSTALL_PREFIX=/home/tk/robot_manipulator/Panthera-HT_ROS2_Jazzy/install/panthera_gazebo
[1.471s] DEBUG:colcon.colcon_core.event_handler.log_command:Invoked command in '/home/tk/robot_manipulator/Panthera-HT_ROS2_Jazzy/build/panthera_gazebo' returned '0': CMAKE_PREFIX_PATH=/home/tk/robot_manipulator/Panthera-HT_ROS2_Jazzy/install/with_gripper_config:/home/tk/robot_manipulator/Panthera-HT_ROS2_Jazzy/install/panthera_ht_description_with_finger:/home/tk/robot_manipulator/Panthera-HT_ROS2_Jazzy/install/panthera_gazebo:/home/tk/robot_manipulator/Panthera-HT_ROS2_Jazzy/install/panthera_interfaces:/home/tk/robot_manipulator/Panthera-HT_ROS2_Jazzy/install/panthera_bringup:/opt/ros/jazzy/opt/gz_sim_vendor:/opt/ros/jazzy/opt/gz_sensors_vendor:/opt/ros/jazzy/opt/gz_physics_vendor:/opt/ros/jazzy/opt/sdformat_vendor:/opt/ros/jazzy/opt/gz_gui_vendor:/opt/ros/jazzy/opt/gz_transport_vendor:/opt/ros/jazzy/opt/gz_rendering_vendor:/opt/ros/jazzy/opt/gz_plugin_vendor:/opt/ros/jazzy/opt/gz_fuel_tools_vendor:/opt/ros/jazzy/opt/gz_msgs_vendor:/opt/ros/jazzy/opt/gz_common_vendor:/opt/ros/jazzy/opt/gz_math_vendor:/opt/ros/jazzy/opt/gz_utils_vendor:/opt/ros/jazzy/opt/gz_tools_vendor:/opt/ros/jazzy/opt/gz_ogre_next_vendor:/opt/ros/jazzy/opt/gz_dartsim_vendor:/opt/ros/jazzy/opt/gz_cmake_vendor:/opt/ros/jazzy DEBUGINFOD_URLS=https://debuginfod.ubuntu.com /usr/bin/cmake /home/tk/robot_manipulator/Panthera-HT_ROS2_Jazzy/src/panthera_gazebo -DCMAKE_INSTALL_PREFIX=/home/tk/robot_manipulator/Panthera-HT_ROS2_Jazzy/install/panthera_gazebo
[1.472s] DEBUG:colcon.colcon_core.event_handler.log_command:Invoking command in '/home/tk/robot_manipulator/Panthera-HT_ROS2_Jazzy/build/panthera_gazebo': CMAKE_PREFIX_PATH=/home/tk/robot_manipulator/Panthera-HT_ROS2_Jazzy/install/with_gripper_config:/home/tk/robot_manipulator/Panthera-HT_ROS2_Jazzy/install/panthera_ht_description_with_finger:/home/tk/robot_manipulator/Panthera-HT_ROS2_Jazzy/install/panthera_gazebo:/home/tk/robot_manipulator/Panthera-HT_ROS2_Jazzy/install/panthera_interfaces:/home/tk/robot_manipulator/Panthera-HT_ROS2_Jazzy/install/panthera_bringup:/opt/ros/jazzy/opt/gz_sim_vendor:/opt/ros/jazzy/opt/gz_sensors_vendor:/opt/ros/jazzy/opt/gz_physics_vendor:/opt/ros/jazzy/opt/sdformat_vendor:/opt/ros/jazzy/opt/gz_gui_vendor:/opt/ros/jazzy/opt/gz_transport_vendor:/opt/ros/jazzy/opt/gz_rendering_vendor:/opt/ros/jazzy/opt/gz_plugin_vendor:/opt/ros/jazzy/opt/gz_fuel_tools_vendor:/opt/ros/jazzy/opt/gz_msgs_vendor:/opt/ros/jazzy/opt/gz_common_vendor:/opt/ros/jazzy/opt/gz_math_vendor:/opt/ros/jazzy/opt/gz_utils_vendor:/opt/ros/jazzy/opt/gz_tools_vendor:/opt/ros/jazzy/opt/gz_ogre_next_vendor:/opt/ros/jazzy/opt/gz_dartsim_vendor:/opt/ros/jazzy/opt/gz_cmake_vendor:/opt/ros/jazzy DEBUGINFOD_URLS=https://debuginfod.ubuntu.com /usr/bin/cmake --build /home/tk/robot_manipulator/Panthera-HT_ROS2_Jazzy/build/panthera_gazebo -- -j28 -l28
[1.495s] DEBUG:colcon.colcon_core.event_handler.log_command:Invoked command in '/home/tk/robot_manipulator/Panthera-HT_ROS2_Jazzy/build/panthera_gazebo' returned '0': CMAKE_PREFIX_PATH=/home/tk/robot_manipulator/Panthera-HT_ROS2_Jazzy/install/with_gripper_config:/home/tk/robot_manipulator/Panthera-HT_ROS2_Jazzy/install/panthera_ht_description_with_finger:/home/tk/robot_manipulator/Panthera-HT_ROS2_Jazzy/install/panthera_gazebo:/home/tk/robot_manipulator/Panthera-HT_ROS2_Jazzy/install/panthera_interfaces:/home/tk/robot_manipulator/Panthera-HT_ROS2_Jazzy/install/panthera_bringup:/opt/ros/jazzy/opt/gz_sim_vendor:/opt/ros/jazzy/opt/gz_sensors_vendor:/opt/ros/jazzy/opt/gz_physics_vendor:/opt/ros/jazzy/opt/sdformat_vendor:/opt/ros/jazzy/opt/gz_gui_vendor:/opt/ros/jazzy/opt/gz_transport_vendor:/opt/ros/jazzy/opt/gz_rendering_vendor:/opt/ros/jazzy/opt/gz_plugin_vendor:/opt/ros/jazzy/opt/gz_fuel_tools_vendor:/opt/ros/jazzy/opt/gz_msgs_vendor:/opt/ros/jazzy/opt/gz_common_vendor:/opt/ros/jazzy/opt/gz_math_vendor:/opt/ros/jazzy/opt/gz_utils_vendor:/opt/ros/jazzy/opt/gz_tools_vendor:/opt/ros/jazzy/opt/gz_ogre_next_vendor:/opt/ros/jazzy/opt/gz_dartsim_vendor:/opt/ros/jazzy/opt/gz_cmake_vendor:/opt/ros/jazzy DEBUGINFOD_URLS=https://debuginfod.ubuntu.com /usr/bin/cmake --build /home/tk/robot_manipulator/Panthera-HT_ROS2_Jazzy/build/panthera_gazebo -- -j28 -l28
[1.496s] DEBUG:colcon.colcon_core.event_handler.log_command:Invoking command in '/home/tk/robot_manipulator/Panthera-HT_ROS2_Jazzy/build/panthera_gazebo': CMAKE_PREFIX_PATH=/home/tk/robot_manipulator/Panthera-HT_ROS2_Jazzy/install/with_gripper_config:/home/tk/robot_manipulator/Panthera-HT_ROS2_Jazzy/install/panthera_ht_description_with_finger:/home/tk/robot_manipulator/Panthera-HT_ROS2_Jazzy/install/panthera_gazebo:/home/tk/robot_manipulator/Panthera-HT_ROS2_Jazzy/install/panthera_interfaces:/home/tk/robot_manipulator/Panthera-HT_ROS2_Jazzy/install/panthera_bringup:/opt/ros/jazzy/opt/gz_sim_vendor:/opt/ros/jazzy/opt/gz_sensors_vendor:/opt/ros/jazzy/opt/gz_physics_vendor:/opt/ros/jazzy/opt/sdformat_vendor:/opt/ros/jazzy/opt/gz_gui_vendor:/opt/ros/jazzy/opt/gz_transport_vendor:/opt/ros/jazzy/opt/gz_rendering_vendor:/opt/ros/jazzy/opt/gz_plugin_vendor:/opt/ros/jazzy/opt/gz_fuel_tools_vendor:/opt/ros/jazzy/opt/gz_msgs_vendor:/opt/ros/jazzy/opt/gz_common_vendor:/opt/ros/jazzy/opt/gz_math_vendor:/opt/ros/jazzy/opt/gz_utils_vendor:/opt/ros/jazzy/opt/gz_tools_vendor:/opt/ros/jazzy/opt/gz_ogre_next_vendor:/opt/ros/jazzy/opt/gz_dartsim_vendor:/opt/ros/jazzy/opt/gz_cmake_vendor:/opt/ros/jazzy DEBUGINFOD_URLS=https://debuginfod.ubuntu.com /usr/bin/cmake --install /home/tk/robot_manipulator/Panthera-HT_ROS2_Jazzy/build/panthera_gazebo
[1.501s] Level 1:colcon.colcon_core.environment:create_environment_scripts_only(panthera_gazebo)
[1.501s] DEBUG:colcon.colcon_core.event_handler.log_command:Invoked command in '/home/tk/robot_manipulator/Panthera-HT_ROS2_Jazzy/build/panthera_gazebo' returned '0': CMAKE_PREFIX_PATH=/home/tk/robot_manipulator/Panthera-HT_ROS2_Jazzy/install/with_gripper_config:/home/tk/robot_manipulator/Panthera-HT_ROS2_Jazzy/install/panthera_ht_description_with_finger:/home/tk/robot_manipulator/Panthera-HT_ROS2_Jazzy/install/panthera_gazebo:/home/tk/robot_manipulator/Panthera-HT_ROS2_Jazzy/install/panthera_interfaces:/home/tk/robot_manipulator/Panthera-HT_ROS2_Jazzy/install/panthera_bringup:/opt/ros/jazzy/opt/gz_sim_vendor:/opt/ros/jazzy/opt/gz_sensors_vendor:/opt/ros/jazzy/opt/gz_physics_vendor:/opt/ros/jazzy/opt/sdformat_vendor:/opt/ros/jazzy/opt/gz_gui_vendor:/opt/ros/jazzy/opt/gz_transport_vendor:/opt/ros/jazzy/opt/gz_rendering_vendor:/opt/ros/jazzy/opt/gz_plugin_vendor:/opt/ros/jazzy/opt/gz_fuel_tools_vendor:/opt/ros/jazzy/opt/gz_msgs_vendor:/opt/ros/jazzy/opt/gz_common_vendor:/opt/ros/jazzy/opt/gz_math_vendor:/opt/ros/jazzy/opt/gz_utils_vendor:/opt/ros/jazzy/opt/gz_tools_vendor:/opt/ros/jazzy/opt/gz_ogre_next_vendor:/opt/ros/jazzy/opt/gz_dartsim_vendor:/opt/ros/jazzy/opt/gz_cmake_vendor:/opt/ros/jazzy DEBUGINFOD_URLS=https://debuginfod.ubuntu.com /usr/bin/cmake --install /home/tk/robot_manipulator/Panthera-HT_ROS2_Jazzy/build/panthera_gazebo
[1.501s] Level 1:colcon.colcon_core.environment:checking '/home/tk/robot_manipulator/Panthera-HT_ROS2_Jazzy/install/panthera_gazebo' for CMake module files
[1.501s] Level 1:colcon.colcon_core.environment:checking '/home/tk/robot_manipulator/Panthera-HT_ROS2_Jazzy/install/panthera_gazebo' for CMake config files
[1.501s] Level 1:colcon.colcon_core.shell:create_environment_hook('panthera_gazebo', 'cmake_prefix_path')
[1.502s] INFO:colcon.colcon_core.shell:Creating environment descriptor '/home/tk/robot_manipulator/Panthera-HT_ROS2_Jazzy/install/panthera_gazebo/share/panthera_gazebo/hook/cmake_prefix_path.dsv'
[1.502s] INFO:colcon.colcon_core.shell:Creating environment hook '/home/tk/robot_manipulator/Panthera-HT_ROS2_Jazzy/install/panthera_gazebo/share/panthera_gazebo/hook/cmake_prefix_path.sh'
[1.502s] Level 1:colcon.colcon_core.environment:checking '/home/tk/robot_manipulator/Panthera-HT_ROS2_Jazzy/install/panthera_gazebo/bin'
[1.502s] Level 1:colcon.colcon_core.environment:checking '/home/tk/robot_manipulator/Panthera-HT_ROS2_Jazzy/install/panthera_gazebo/lib/pkgconfig/panthera_gazebo.pc'
[1.502s] Level 1:colcon.colcon_core.environment:checking '/home/tk/robot_manipulator/Panthera-HT_ROS2_Jazzy/install/panthera_gazebo/lib/python3.12/site-packages'
[1.502s] Level 1:colcon.colcon_core.environment:checking '/home/tk/robot_manipulator/Panthera-HT_ROS2_Jazzy/install/panthera_gazebo/bin'
[1.502s] INFO:colcon.colcon_core.shell:Creating package descriptor '/home/tk/robot_manipulator/Panthera-HT_ROS2_Jazzy/install/panthera_gazebo/share/panthera_gazebo/package.dsv'
[1.502s] INFO:colcon.colcon_core.shell:Creating package script '/home/tk/robot_manipulator/Panthera-HT_ROS2_Jazzy/install/panthera_gazebo/share/panthera_gazebo/package.sh'
[1.503s] INFO:colcon.colcon_core.shell:Creating package script '/home/tk/robot_manipulator/Panthera-HT_ROS2_Jazzy/install/panthera_gazebo/share/panthera_gazebo/package.bash'
[1.503s] INFO:colcon.colcon_core.shell:Creating package script '/home/tk/robot_manipulator/Panthera-HT_ROS2_Jazzy/install/panthera_gazebo/share/panthera_gazebo/package.zsh'
[1.503s] Level 1:colcon.colcon_core.environment:create_file_with_runtime_dependencies(/home/tk/robot_manipulator/Panthera-HT_ROS2_Jazzy/install/panthera_gazebo/share/colcon-core/packages/panthera_gazebo)
[1.503s] Level 1:colcon.colcon_core.environment:create_environment_scripts_only(panthera_gazebo)
[1.503s] Level 1:colcon.colcon_core.environment:checking '/home/tk/robot_manipulator/Panthera-HT_ROS2_Jazzy/install/panthera_gazebo' for CMake module files
[1.503s] Level 1:colcon.colcon_core.environment:checking '/home/tk/robot_manipulator/Panthera-HT_ROS2_Jazzy/install/panthera_gazebo' for CMake config files
[1.503s] Level 1:colcon.colcon_core.shell:create_environment_hook('panthera_gazebo', 'cmake_prefix_path')
[1.503s] INFO:colcon.colcon_core.shell:Creating environment descriptor '/home/tk/robot_manipulator/Panthera-HT_ROS2_Jazzy/install/panthera_gazebo/share/panthera_gazebo/hook/cmake_prefix_path.dsv'
[1.503s] INFO:colcon.colcon_core.shell:Creating environment hook '/home/tk/robot_manipulator/Panthera-HT_ROS2_Jazzy/install/panthera_gazebo/share/panthera_gazebo/hook/cmake_prefix_path.sh'
[1.504s] Level 1:colcon.colcon_core.environment:checking '/home/tk/robot_manipulator/Panthera-HT_ROS2_Jazzy/install/panthera_gazebo/bin'
[1.504s] Level 1:colcon.colcon_core.environment:checking '/home/tk/robot_manipulator/Panthera-HT_ROS2_Jazzy/install/panthera_gazebo/lib/pkgconfig/panthera_gazebo.pc'
[1.504s] Level 1:colcon.colcon_core.environment:checking '/home/tk/robot_manipulator/Panthera-HT_ROS2_Jazzy/install/panthera_gazebo/lib/python3.12/site-packages'
[1.504s] Level 1:colcon.colcon_core.environment:checking '/home/tk/robot_manipulator/Panthera-HT_ROS2_Jazzy/install/panthera_gazebo/bin'
[1.504s] INFO:colcon.colcon_core.shell:Creating package descriptor '/home/tk/robot_manipulator/Panthera-HT_ROS2_Jazzy/install/panthera_gazebo/share/panthera_gazebo/package.dsv'
[1.504s] INFO:colcon.colcon_core.shell:Creating package script '/home/tk/robot_manipulator/Panthera-HT_ROS2_Jazzy/install/panthera_gazebo/share/panthera_gazebo/package.sh'
[1.504s] INFO:colcon.colcon_core.shell:Creating package script '/home/tk/robot_manipulator/Panthera-HT_ROS2_Jazzy/install/panthera_gazebo/share/panthera_gazebo/package.bash'
[1.505s] INFO:colcon.colcon_core.shell:Creating package script '/home/tk/robot_manipulator/Panthera-HT_ROS2_Jazzy/install/panthera_gazebo/share/panthera_gazebo/package.zsh'
[1.505s] Level 1:colcon.colcon_core.environment:create_file_with_runtime_dependencies(/home/tk/robot_manipulator/Panthera-HT_ROS2_Jazzy/install/panthera_gazebo/share/colcon-core/packages/panthera_gazebo)
[1.945s] DEBUG:colcon.colcon_core.event_handler.log_command:Invoked command in '/home/tk/robot_manipulator/Panthera-HT_ROS2_Jazzy/build/panthera_interfaces' returned '0': CMAKE_PREFIX_PATH=${CMAKE_PREFIX_PATH}:/opt/ros/jazzy DEBUGINFOD_URLS=https://debuginfod.ubuntu.com /usr/bin/cmake /home/tk/robot_manipulator/Panthera-HT_ROS2_Jazzy/src/panthera_interfaces -DCMAKE_INSTALL_PREFIX=/home/tk/robot_manipulator/Panthera-HT_ROS2_Jazzy/install/panthera_interfaces
[1.946s] DEBUG:colcon.colcon_core.event_handler.log_command:Invoking command in '/home/tk/robot_manipulator/Panthera-HT_ROS2_Jazzy/build/panthera_interfaces': CMAKE_PREFIX_PATH=${CMAKE_PREFIX_PATH}:/opt/ros/jazzy DEBUGINFOD_URLS=https://debuginfod.ubuntu.com /usr/bin/cmake --build /home/tk/robot_manipulator/Panthera-HT_ROS2_Jazzy/build/panthera_interfaces -- -j28 -l28
[2.467s] DEBUG:colcon.colcon_core.event_handler.log_command:Invoked command in '/home/tk/robot_manipulator/Panthera-HT_ROS2_Jazzy/build/hightorque_robot' returned '0': CMAKE_PREFIX_PATH=${CMAKE_PREFIX_PATH}:/opt/ros/jazzy DEBUGINFOD_URLS=https://debuginfod.ubuntu.com /usr/bin/cmake /home/tk/robot_manipulator/Panthera-HT_ROS2_Jazzy/src/hightorque_robot -DCMAKE_INSTALL_PREFIX=/home/tk/robot_manipulator/Panthera-HT_ROS2_Jazzy/install/hightorque_robot
[2.468s] DEBUG:colcon.colcon_core.event_handler.log_command:Invoking command in '/home/tk/robot_manipulator/Panthera-HT_ROS2_Jazzy/build/hightorque_robot': CMAKE_PREFIX_PATH=${CMAKE_PREFIX_PATH}:/opt/ros/jazzy DEBUGINFOD_URLS=https://debuginfod.ubuntu.com /usr/bin/cmake --build /home/tk/robot_manipulator/Panthera-HT_ROS2_Jazzy/build/hightorque_robot -- -j28 -l28
[5.717s] DEBUG:colcon.colcon_core.event_handler.log_command:Invoked command in '/home/tk/robot_manipulator/Panthera-HT_ROS2_Jazzy/build/panthera_interfaces' returned '0': CMAKE_PREFIX_PATH=${CMAKE_PREFIX_PATH}:/opt/ros/jazzy DEBUGINFOD_URLS=https://debuginfod.ubuntu.com /usr/bin/cmake --build /home/tk/robot_manipulator/Panthera-HT_ROS2_Jazzy/build/panthera_interfaces -- -j28 -l28
[5.718s] DEBUG:colcon.colcon_core.event_handler.log_command:Invoking command in '/home/tk/robot_manipulator/Panthera-HT_ROS2_Jazzy/build/panthera_interfaces': CMAKE_PREFIX_PATH=${CMAKE_PREFIX_PATH}:/opt/ros/jazzy DEBUGINFOD_URLS=https://debuginfod.ubuntu.com /usr/bin/cmake --install /home/tk/robot_manipulator/Panthera-HT_ROS2_Jazzy/build/panthera_interfaces
[5.797s] Level 1:colcon.colcon_core.environment:create_environment_scripts_only(panthera_interfaces)
[5.797s] Level 1:colcon.colcon_core.environment:checking '/home/tk/robot_manipulator/Panthera-HT_ROS2_Jazzy/install/panthera_interfaces' for CMake module files
[5.797s] DEBUG:colcon.colcon_core.event_handler.log_command:Invoked command in '/home/tk/robot_manipulator/Panthera-HT_ROS2_Jazzy/build/panthera_interfaces' returned '0': CMAKE_PREFIX_PATH=${CMAKE_PREFIX_PATH}:/opt/ros/jazzy DEBUGINFOD_URLS=https://debuginfod.ubuntu.com /usr/bin/cmake --install /home/tk/robot_manipulator/Panthera-HT_ROS2_Jazzy/build/panthera_interfaces
[5.798s] Level 1:colcon.colcon_core.environment:checking '/home/tk/robot_manipulator/Panthera-HT_ROS2_Jazzy/install/panthera_interfaces' for CMake config files
[5.799s] Level 1:colcon.colcon_core.shell:create_environment_hook('panthera_interfaces', 'cmake_prefix_path')
[5.799s] INFO:colcon.colcon_core.shell:Creating environment descriptor '/home/tk/robot_manipulator/Panthera-HT_ROS2_Jazzy/install/panthera_interfaces/share/panthera_interfaces/hook/cmake_prefix_path.dsv'
[5.799s] INFO:colcon.colcon_core.shell:Creating environment hook '/home/tk/robot_manipulator/Panthera-HT_ROS2_Jazzy/install/panthera_interfaces/share/panthera_interfaces/hook/cmake_prefix_path.sh'
[5.800s] Level 1:colcon.colcon_core.environment:checking '/home/tk/robot_manipulator/Panthera-HT_ROS2_Jazzy/install/panthera_interfaces/lib'
[5.800s] Level 1:colcon.colcon_core.shell:create_environment_hook('panthera_interfaces', 'ld_library_path_lib')
[5.800s] INFO:colcon.colcon_core.shell:Creating environment descriptor '/home/tk/robot_manipulator/Panthera-HT_ROS2_Jazzy/install/panthera_interfaces/share/panthera_interfaces/hook/ld_library_path_lib.dsv'
[5.800s] INFO:colcon.colcon_core.shell:Creating environment hook '/home/tk/robot_manipulator/Panthera-HT_ROS2_Jazzy/install/panthera_interfaces/share/panthera_interfaces/hook/ld_library_path_lib.sh'
[5.801s] Level 1:colcon.colcon_core.environment:checking '/home/tk/robot_manipulator/Panthera-HT_ROS2_Jazzy/install/panthera_interfaces/bin'
[5.801s] Level 1:colcon.colcon_core.environment:checking '/home/tk/robot_manipulator/Panthera-HT_ROS2_Jazzy/install/panthera_interfaces/lib/pkgconfig/panthera_interfaces.pc'
[5.801s] Level 1:colcon.colcon_core.environment:checking '/home/tk/robot_manipulator/Panthera-HT_ROS2_Jazzy/install/panthera_interfaces/lib/python3.12/site-packages'
[5.801s] Level 1:colcon.colcon_core.shell:create_environment_hook('panthera_interfaces', 'pythonpath')
[5.801s] INFO:colcon.colcon_core.shell:Creating environment descriptor '/home/tk/robot_manipulator/Panthera-HT_ROS2_Jazzy/install/panthera_interfaces/share/panthera_interfaces/hook/pythonpath.dsv'
[5.802s] INFO:colcon.colcon_core.shell:Creating environment hook '/home/tk/robot_manipulator/Panthera-HT_ROS2_Jazzy/install/panthera_interfaces/share/panthera_interfaces/hook/pythonpath.sh'
[5.802s] Level 1:colcon.colcon_core.environment:checking '/home/tk/robot_manipulator/Panthera-HT_ROS2_Jazzy/install/panthera_interfaces/bin'
[5.802s] INFO:colcon.colcon_core.shell:Creating package descriptor '/home/tk/robot_manipulator/Panthera-HT_ROS2_Jazzy/install/panthera_interfaces/share/panthera_interfaces/package.dsv'
[5.803s] INFO:colcon.colcon_core.shell:Creating package script '/home/tk/robot_manipulator/Panthera-HT_ROS2_Jazzy/install/panthera_interfaces/share/panthera_interfaces/package.sh'
[5.803s] INFO:colcon.colcon_core.shell:Creating package script '/home/tk/robot_manipulator/Panthera-HT_ROS2_Jazzy/install/panthera_interfaces/share/panthera_interfaces/package.bash'
[5.804s] INFO:colcon.colcon_core.shell:Creating package script '/home/tk/robot_manipulator/Panthera-HT_ROS2_Jazzy/install/panthera_interfaces/share/panthera_interfaces/package.zsh'
[5.804s] Level 1:colcon.colcon_core.environment:create_file_with_runtime_dependencies(/home/tk/robot_manipulator/Panthera-HT_ROS2_Jazzy/install/panthera_interfaces/share/colcon-core/packages/panthera_interfaces)
[5.804s] Level 1:colcon.colcon_core.environment:create_environment_scripts_only(panthera_interfaces)
[5.804s] Level 1:colcon.colcon_core.environment:checking '/home/tk/robot_manipulator/Panthera-HT_ROS2_Jazzy/install/panthera_interfaces' for CMake module files
[5.805s] Level 1:colcon.colcon_core.environment:checking '/home/tk/robot_manipulator/Panthera-HT_ROS2_Jazzy/install/panthera_interfaces' for CMake config files
[5.805s] Level 1:colcon.colcon_core.shell:create_environment_hook('panthera_interfaces', 'cmake_prefix_path')
[5.806s] INFO:colcon.colcon_core.shell:Creating environment descriptor '/home/tk/robot_manipulator/Panthera-HT_ROS2_Jazzy/install/panthera_interfaces/share/panthera_interfaces/hook/cmake_prefix_path.dsv'
[5.806s] INFO:colcon.colcon_core.shell:Creating environment hook '/home/tk/robot_manipulator/Panthera-HT_ROS2_Jazzy/install/panthera_interfaces/share/panthera_interfaces/hook/cmake_prefix_path.sh'
[5.806s] Level 1:colcon.colcon_core.environment:checking '/home/tk/robot_manipulator/Panthera-HT_ROS2_Jazzy/install/panthera_interfaces/lib'
[5.806s] Level 1:colcon.colcon_core.shell:create_environment_hook('panthera_interfaces', 'ld_library_path_lib')
[5.807s] INFO:colcon.colcon_core.shell:Creating environment descriptor '/home/tk/robot_manipulator/Panthera-HT_ROS2_Jazzy/install/panthera_interfaces/share/panthera_interfaces/hook/ld_library_path_lib.dsv'
[5.807s] INFO:colcon.colcon_core.shell:Creating environment hook '/home/tk/robot_manipulator/Panthera-HT_ROS2_Jazzy/install/panthera_interfaces/share/panthera_interfaces/hook/ld_library_path_lib.sh'
[5.807s] Level 1:colcon.colcon_core.environment:checking '/home/tk/robot_manipulator/Panthera-HT_ROS2_Jazzy/install/panthera_interfaces/bin'
[5.807s] Level 1:colcon.colcon_core.environment:checking '/home/tk/robot_manipulator/Panthera-HT_ROS2_Jazzy/install/panthera_interfaces/lib/pkgconfig/panthera_interfaces.pc'
[5.807s] Level 1:colcon.colcon_core.environment:checking '/home/tk/robot_manipulator/Panthera-HT_ROS2_Jazzy/install/panthera_interfaces/lib/python3.12/site-packages'
[5.807s] Level 1:colcon.colcon_core.shell:create_environment_hook('panthera_interfaces', 'pythonpath')
[5.807s] INFO:colcon.colcon_core.shell:Creating environment descriptor '/home/tk/robot_manipulator/Panthera-HT_ROS2_Jazzy/install/panthera_interfaces/share/panthera_interfaces/hook/pythonpath.dsv'
[5.808s] INFO:colcon.colcon_core.shell:Creating environment hook '/home/tk/robot_manipulator/Panthera-HT_ROS2_Jazzy/install/panthera_interfaces/share/panthera_interfaces/hook/pythonpath.sh'
[5.808s] Level 1:colcon.colcon_core.environment:checking '/home/tk/robot_manipulator/Panthera-HT_ROS2_Jazzy/install/panthera_interfaces/bin'
[5.808s] INFO:colcon.colcon_core.shell:Creating package descriptor '/home/tk/robot_manipulator/Panthera-HT_ROS2_Jazzy/install/panthera_interfaces/share/panthera_interfaces/package.dsv'
[5.809s] INFO:colcon.colcon_core.shell:Creating package script '/home/tk/robot_manipulator/Panthera-HT_ROS2_Jazzy/install/panthera_interfaces/share/panthera_interfaces/package.sh'
[5.809s] INFO:colcon.colcon_core.shell:Creating package script '/home/tk/robot_manipulator/Panthera-HT_ROS2_Jazzy/install/panthera_interfaces/share/panthera_interfaces/package.bash'
[5.809s] INFO:colcon.colcon_core.shell:Creating package script '/home/tk/robot_manipulator/Panthera-HT_ROS2_Jazzy/install/panthera_interfaces/share/panthera_interfaces/package.zsh'
[5.810s] Level 1:colcon.colcon_core.environment:create_file_with_runtime_dependencies(/home/tk/robot_manipulator/Panthera-HT_ROS2_Jazzy/install/panthera_interfaces/share/colcon-core/packages/panthera_interfaces)
[5.810s] INFO:colcon.colcon_ros.task.ament_cmake.build:Building ROS package in '/home/tk/robot_manipulator/Panthera-HT_ROS2_Jazzy/src/panthera_commander' with build type 'ament_cmake'
[5.810s] INFO:colcon.colcon_cmake.task.cmake.build:Building CMake package in '/home/tk/robot_manipulator/Panthera-HT_ROS2_Jazzy/src/panthera_commander'
[5.810s] DEBUG:colcon.colcon_core.shell:Skip shell extension 'dsv' for command environment
[5.820s] DEBUG:colcon.colcon_core.event_handler.log_command:Invoking command in '/home/tk/robot_manipulator/Panthera-HT_ROS2_Jazzy/build/panthera_commander': CMAKE_PREFIX_PATH=/home/tk/robot_manipulator/Panthera-HT_ROS2_Jazzy/install/with_gripper_config:/home/tk/robot_manipulator/Panthera-HT_ROS2_Jazzy/install/panthera_interfaces:/home/tk/robot_manipulator/Panthera-HT_ROS2_Jazzy/install/panthera_ht_description_with_finger:/home/tk/robot_manipulator/Panthera-HT_ROS2_Jazzy/install/panthera_gazebo:/home/tk/robot_manipulator/Panthera-HT_ROS2_Jazzy/install/panthera_bringup:/opt/ros/jazzy/opt/gz_sim_vendor:/opt/ros/jazzy/opt/gz_sensors_vendor:/opt/ros/jazzy/opt/gz_physics_vendor:/opt/ros/jazzy/opt/sdformat_vendor:/opt/ros/jazzy/opt/gz_gui_vendor:/opt/ros/jazzy/opt/gz_transport_vendor:/opt/ros/jazzy/opt/gz_rendering_vendor:/opt/ros/jazzy/opt/gz_plugin_vendor:/opt/ros/jazzy/opt/gz_fuel_tools_vendor:/opt/ros/jazzy/opt/gz_msgs_vendor:/opt/ros/jazzy/opt/gz_common_vendor:/opt/ros/jazzy/opt/gz_math_vendor:/opt/ros/jazzy/opt/gz_utils_vendor:/opt/ros/jazzy/opt/gz_tools_vendor:/opt/ros/jazzy/opt/gz_ogre_next_vendor:/opt/ros/jazzy/opt/gz_dartsim_vendor:/opt/ros/jazzy/opt/gz_cmake_vendor:/opt/ros/jazzy DEBUGINFOD_URLS=https://debuginfod.ubuntu.com /usr/bin/cmake /home/tk/robot_manipulator/Panthera-HT_ROS2_Jazzy/src/panthera_commander -DCMAKE_INSTALL_PREFIX=/home/tk/robot_manipulator/Panthera-HT_ROS2_Jazzy/install/panthera_commander
[7.237s] DEBUG:colcon.colcon_core.event_handler.log_command:Invoked command in '/home/tk/robot_manipulator/Panthera-HT_ROS2_Jazzy/build/panthera_commander' returned '0': CMAKE_PREFIX_PATH=/home/tk/robot_manipulator/Panthera-HT_ROS2_Jazzy/install/with_gripper_config:/home/tk/robot_manipulator/Panthera-HT_ROS2_Jazzy/install/panthera_interfaces:/home/tk/robot_manipulator/Panthera-HT_ROS2_Jazzy/install/panthera_ht_description_with_finger:/home/tk/robot_manipulator/Panthera-HT_ROS2_Jazzy/install/panthera_gazebo:/home/tk/robot_manipulator/Panthera-HT_ROS2_Jazzy/install/panthera_bringup:/opt/ros/jazzy/opt/gz_sim_vendor:/opt/ros/jazzy/opt/gz_sensors_vendor:/opt/ros/jazzy/opt/gz_physics_vendor:/opt/ros/jazzy/opt/sdformat_vendor:/opt/ros/jazzy/opt/gz_gui_vendor:/opt/ros/jazzy/opt/gz_transport_vendor:/opt/ros/jazzy/opt/gz_rendering_vendor:/opt/ros/jazzy/opt/gz_plugin_vendor:/opt/ros/jazzy/opt/gz_fuel_tools_vendor:/opt/ros/jazzy/opt/gz_msgs_vendor:/opt/ros/jazzy/opt/gz_common_vendor:/opt/ros/jazzy/opt/gz_math_vendor:/opt/ros/jazzy/opt/gz_utils_vendor:/opt/ros/jazzy/opt/gz_tools_vendor:/opt/ros/jazzy/opt/gz_ogre_next_vendor:/opt/ros/jazzy/opt/gz_dartsim_vendor:/opt/ros/jazzy/opt/gz_cmake_vendor:/opt/ros/jazzy DEBUGINFOD_URLS=https://debuginfod.ubuntu.com /usr/bin/cmake /home/tk/robot_manipulator/Panthera-HT_ROS2_Jazzy/src/panthera_commander -DCMAKE_INSTALL_PREFIX=/home/tk/robot_manipulator/Panthera-HT_ROS2_Jazzy/install/panthera_commander
[7.237s] DEBUG:colcon.colcon_core.event_handler.log_command:Invoking command in '/home/tk/robot_manipulator/Panthera-HT_ROS2_Jazzy/build/panthera_commander': CMAKE_PREFIX_PATH=/home/tk/robot_manipulator/Panthera-HT_ROS2_Jazzy/install/with_gripper_config:/home/tk/robot_manipulator/Panthera-HT_ROS2_Jazzy/install/panthera_interfaces:/home/tk/robot_manipulator/Panthera-HT_ROS2_Jazzy/install/panthera_ht_description_with_finger:/home/tk/robot_manipulator/Panthera-HT_ROS2_Jazzy/install/panthera_gazebo:/home/tk/robot_manipulator/Panthera-HT_ROS2_Jazzy/install/panthera_bringup:/opt/ros/jazzy/opt/gz_sim_vendor:/opt/ros/jazzy/opt/gz_sensors_vendor:/opt/ros/jazzy/opt/gz_physics_vendor:/opt/ros/jazzy/opt/sdformat_vendor:/opt/ros/jazzy/opt/gz_gui_vendor:/opt/ros/jazzy/opt/gz_transport_vendor:/opt/ros/jazzy/opt/gz_rendering_vendor:/opt/ros/jazzy/opt/gz_plugin_vendor:/opt/ros/jazzy/opt/gz_fuel_tools_vendor:/opt/ros/jazzy/opt/gz_msgs_vendor:/opt/ros/jazzy/opt/gz_common_vendor:/opt/ros/jazzy/opt/gz_math_vendor:/opt/ros/jazzy/opt/gz_utils_vendor:/opt/ros/jazzy/opt/gz_tools_vendor:/opt/ros/jazzy/opt/gz_ogre_next_vendor:/opt/ros/jazzy/opt/gz_dartsim_vendor:/opt/ros/jazzy/opt/gz_cmake_vendor:/opt/ros/jazzy DEBUGINFOD_URLS=https://debuginfod.ubuntu.com /usr/bin/cmake --build /home/tk/robot_manipulator/Panthera-HT_ROS2_Jazzy/build/panthera_commander -- -j28 -l28
[18.088s] DEBUG:colcon.colcon_core.event_handler.log_command:Invoked command in '/home/tk/robot_manipulator/Panthera-HT_ROS2_Jazzy/build/panthera_commander' returned '2': CMAKE_PREFIX_PATH=/home/tk/robot_manipulator/Panthera-HT_ROS2_Jazzy/install/with_gripper_config:/home/tk/robot_manipulator/Panthera-HT_ROS2_Jazzy/install/panthera_interfaces:/home/tk/robot_manipulator/Panthera-HT_ROS2_Jazzy/install/panthera_ht_description_with_finger:/home/tk/robot_manipulator/Panthera-HT_ROS2_Jazzy/install/panthera_gazebo:/home/tk/robot_manipulator/Panthera-HT_ROS2_Jazzy/install/panthera_bringup:/opt/ros/jazzy/opt/gz_sim_vendor:/opt/ros/jazzy/opt/gz_sensors_vendor:/opt/ros/jazzy/opt/gz_physics_vendor:/opt/ros/jazzy/opt/sdformat_vendor:/opt/ros/jazzy/opt/gz_gui_vendor:/opt/ros/jazzy/opt/gz_transport_vendor:/opt/ros/jazzy/opt/gz_rendering_vendor:/opt/ros/jazzy/opt/gz_plugin_vendor:/opt/ros/jazzy/opt/gz_fuel_tools_vendor:/opt/ros/jazzy/opt/gz_msgs_vendor:/opt/ros/jazzy/opt/gz_common_vendor:/opt/ros/jazzy/opt/gz_math_vendor:/opt/ros/jazzy/opt/gz_utils_vendor:/opt/ros/jazzy/opt/gz_tools_vendor:/opt/ros/jazzy/opt/gz_ogre_next_vendor:/opt/ros/jazzy/opt/gz_dartsim_vendor:/opt/ros/jazzy/opt/gz_cmake_vendor:/opt/ros/jazzy DEBUGINFOD_URLS=https://debuginfod.ubuntu.com /usr/bin/cmake --build /home/tk/robot_manipulator/Panthera-HT_ROS2_Jazzy/build/panthera_commander -- -j28 -l28
[18.089s] Level 1:colcon.colcon_core.environment:create_environment_scripts_only(panthera_commander)
[18.089s] Level 1:colcon.colcon_core.environment:checking '/home/tk/robot_manipulator/Panthera-HT_ROS2_Jazzy/install/panthera_commander' for CMake module files
[18.089s] Level 1:colcon.colcon_core.environment:checking '/home/tk/robot_manipulator/Panthera-HT_ROS2_Jazzy/install/panthera_commander' for CMake config files
[18.089s] Level 1:colcon.colcon_core.environment:checking '/home/tk/robot_manipulator/Panthera-HT_ROS2_Jazzy/install/panthera_commander/bin'
[18.089s] Level 1:colcon.colcon_core.environment:checking '/home/tk/robot_manipulator/Panthera-HT_ROS2_Jazzy/install/panthera_commander/lib/pkgconfig/panthera_commander.pc'
[18.089s] Level 1:colcon.colcon_core.environment:checking '/home/tk/robot_manipulator/Panthera-HT_ROS2_Jazzy/install/panthera_commander/lib/python3.12/site-packages'
[18.090s] Level 1:colcon.colcon_core.environment:checking '/home/tk/robot_manipulator/Panthera-HT_ROS2_Jazzy/install/panthera_commander/bin'
[18.090s] INFO:colcon.colcon_core.shell:Creating package descriptor '/home/tk/robot_manipulator/Panthera-HT_ROS2_Jazzy/install/panthera_commander/share/panthera_commander/package.dsv'
[18.090s] INFO:colcon.colcon_core.shell:Creating package script '/home/tk/robot_manipulator/Panthera-HT_ROS2_Jazzy/install/panthera_commander/share/panthera_commander/package.sh'
[18.090s] INFO:colcon.colcon_core.shell:Creating package script '/home/tk/robot_manipulator/Panthera-HT_ROS2_Jazzy/install/panthera_commander/share/panthera_commander/package.bash'
[18.091s] INFO:colcon.colcon_core.shell:Creating package script '/home/tk/robot_manipulator/Panthera-HT_ROS2_Jazzy/install/panthera_commander/share/panthera_commander/package.zsh'
[18.091s] Level 1:colcon.colcon_core.environment:create_file_with_runtime_dependencies(/home/tk/robot_manipulator/Panthera-HT_ROS2_Jazzy/install/panthera_commander/share/colcon-core/packages/panthera_commander)
[18.845s] DEBUG:colcon.colcon_parallel_executor.executor.parallel:closing loop
[18.845s] DEBUG:colcon.colcon_parallel_executor.executor.parallel:loop closed
[18.845s] DEBUG:colcon.colcon_parallel_executor.executor.parallel:run_until_complete finished with '2'
[18.845s] DEBUG:colcon.colcon_core.event_reactor:joining thread
[18.853s] INFO:colcon.colcon_core.plugin_system:Skipping extension 'colcon_notification.desktop_notification.terminal_notifier': Not used on non-Darwin systems
[18.853s] INFO:colcon.colcon_core.plugin_system:Skipping extension 'colcon_notification.desktop_notification.win32': Not used on non-Windows systems
[18.853s] INFO:colcon.colcon_notification.desktop_notification:Sending desktop notification using 'notify2'
[18.871s] DEBUG:colcon.colcon_core.event_reactor:joined thread
[18.871s] INFO:colcon.colcon_core.shell:Creating prefix script '/home/tk/robot_manipulator/Panthera-HT_ROS2_Jazzy/install/local_setup.sh'
[18.871s] INFO:colcon.colcon_core.shell:Creating prefix util module '/home/tk/robot_manipulator/Panthera-HT_ROS2_Jazzy/install/_local_setup_util_sh.py'
[18.871s] INFO:colcon.colcon_core.shell:Creating prefix chain script '/home/tk/robot_manipulator/Panthera-HT_ROS2_Jazzy/install/setup.sh'
[18.872s] INFO:colcon.colcon_core.shell:Creating prefix script '/home/tk/robot_manipulator/Panthera-HT_ROS2_Jazzy/install/local_setup.bash'
[18.872s] INFO:colcon.colcon_core.shell:Creating prefix chain script '/home/tk/robot_manipulator/Panthera-HT_ROS2_Jazzy/install/setup.bash'
[18.872s] INFO:colcon.colcon_core.shell:Creating prefix script '/home/tk/robot_manipulator/Panthera-HT_ROS2_Jazzy/install/local_setup.zsh'
[18.873s] INFO:colcon.colcon_core.shell:Creating prefix chain script '/home/tk/robot_manipulator/Panthera-HT_ROS2_Jazzy/install/setup.zsh'
